id,move_prefix,prefix_ply_count,side_to_move,white_win_rate,draw_rate,black_win_rate,cohort_game_count
0,e4 e5 Nf3 Nf6 Nc3 d6 Bc4 Be6 Bxe6 fxe6,10,white,0.5333333333333333,0.06666666666666667,0.4,15
1,e4 e5 Nf3 Nc6 Bc4 Bc5 O-O Nf6 d4 exd4,10,white,0.6,0.0,0.4,15
2,d4 d5 Bf4 Nc6 Nc3 Nf6 Nb5 e5 dxe5 Nh5,10,white,0.47368421052631576,0.0,0.5263157894736842,19
3,e4 e5 Nf3 Nc6 d4 exd4 Nxd4 Nf6 Nxc6 bxc6 e5 Qe7 Qe2 Nd5,14,white,0.42857142857142855,0.21428571428571427,0.35714285714285715,14
4,e4 e5 Nf3 Nc6 Bb5 a6 Bxc6 dxc6 d4 Bg4,10,white,0.2857142857142857,0.07142857142857142,0.6428571428571429,14
5,d4 d5 c4 e6 Nc3 Nf6 Nf3 c6 Bg5 Be7,10,white,0.75,0.0,0.25,12
7,e4 e6 Nf3 d5 exd5 exd5 d4 Nf6 Nc3 Bd6,10,white,0.36619718309859156,0.07042253521126761,0.5633802816901409,71
8,e4 c6 Nf3 d5 exd5 cxd5 d4 Bg4 Nc3 e6,10,white,0.3333333333333333,0.08333333333333333,0.5833333333333334,12
9,e4 e5 Nf3 Nc6 Bb5 d6 h3 Nf6 O-O Be7,10,white,0.4166666666666667,0.0,0.5833333333333334,12
10,e4 e5 Nf3 Nc6 Bb5 Bc5 Bxc6 dxc6 O-O Bg4,10,white,0.25,0.0,0.75,16
11,d4 c5 d5 e6 c4 exd5 cxd5 d6 Nc3 Nf6 e4 Be7,12,white,0.45454545454545453,0.0,0.5454545454545454,33
12,e4 d5 exd5 Nf6 Nc3 Nxd5 Nxd5 Qxd5 Nf3 Bg4,10,white,0.5161290322580645,0.06451612903225806,0.41935483870967744,62
13,g3 e6 Bg2 d5 d3 Nf6 Bg5 c5 Bxf6 Qxf6,10,white,0.3076923076923077,0.0,0.6923076923076923,13
14,e4 c6 d4 d5 e5 Bf5 Bd3 Bxd3 Qxd3 e6 Nf3 c5,12,white,0.35714285714285715,0.07142857142857142,0.5714285714285714,14
15,e4 e5 Nf3 Nc6 Nc3 Bc5 Bb5 d6 Bxc6+ bxc6,10,white,0.5416666666666666,0.08333333333333333,0.375,24
17,e4 e5 Nf3 Nc6 Bc4 h6 d4 exd4 Nxd4 d6,10,white,0.375,0.0,0.625,16
18,d4 Nf6 c4 e6 Nc3 d5 e3 Be7 Nf3 O-O,10,white,0.5714285714285714,0.0,0.42857142857142855,21
19,e4 e5 Nf3 Nc6 Bb5 a6 Ba4 Nf6 O-O b5,10,white,0.4722222222222222,0.020833333333333332,0.5069444444444444,144
20,e4 e5 Bc4 Nf6 d3 Nc6 c3 d5 exd5 Nxd5,10,white,0.75,0.0,0.25,16
21,e4 c5 Nf3 Nc6 d4 cxd4 Nxd4 e5 Nb5 d6 c4 a6 Nb5a3 Nf6,14,white,0.6666666666666666,0.0,0.3333333333333333,18
22,d4 d5 Nf3 Nc6 g3 f6 Bg2 e5 dxe5 fxe5 O-O Nf6,12,white,0.38461538461538464,0.0,0.6153846153846154,13
23,e4 e5 Bc4 Nc6 c3 Nf6 d3 d5 exd5 Nxd5,10,white,0.36363636363636365,0.13636363636363635,0.5,22
25,e4 e5 Nf3 Nc6 Bb5 Bc5 O-O d6 c3 Bd7,10,white,0.6666666666666666,0.0,0.3333333333333333,18
26,e4 e5 Nf3 Nc6 c3 Nf6 d4 exd4 cxd4 Nxe4,10,white,0.38095238095238093,0.0,0.6190476190476191,21
27,e4 e5 Nf3 Nc6 Bb5 a6 Ba4 b5 Bb3 Nf6 O-O Be7 Re1 O-O,14,white,0.625,0.125,0.25,16
28,e4 c5 d4 cxd4 c3 dxc3 Bc4 cxb2 Bxb2 e6,10,white,0.6428571428571429,0.0,0.35714285714285715,14
29,e4 c5 Nf3 Nc6 d4 cxd4 Nxd4 g6 Nxc6 bxc6 Bd3 Bg7,12,white,0.5,0.0,0.5,12
30,e4 e5 Nf3 Nc6 Bb5 a6 Ba4 Bc5 O-O d6,10,white,0.5,0.0,0.5,12
32,d4 d5 c4 c6 Nc3 Nf6 Nf3 Bg4 e3 e6,10,white,0.6923076923076923,0.0,0.3076923076923077,13
33,e4 e5 Nf3 Nc6 Bb5 Nd4 Nxd4 exd4 d3 a6,10,white,0.5641025641025641,0.05128205128205128,0.38461538461538464,39
35,e4 d5 exd5 Qxd5 Nc3 Qe5+ Be2 Bg4 f3 Bh5 g4 Bg6,12,white,0.5384615384615384,0.07692307692307693,0.38461538461538464,13
36,d4 b6 c4 Bb7 d5 e6 e4 exd5 exd5 Qe7+,10,white,0.4166666666666667,0.0,0.5833333333333334,12
37,e4 e5 Nf3 Nc6 Bb5 d6 h3 Bd7 c3 Nf6 d3 Be7,12,white,0.25,0.08333333333333333,0.6666666666666666,12
38,e4 c5 Nf3 Nc6 d4 cxd4 Nxd4 e5 Nf3 d6,10,white,0.38461538461538464,0.07692307692307693,0.5384615384615384,13
39,e4 e5 Nf3 d6 d4 exd4 Nxd4 Nf6 Nc3 h6,10,white,0.625,0.0,0.375,16
40,e4 e5 Nf3 Nc6 Bc4 Nf6 Ng5 d5 exd5 Nxd5,10,white,0.594059405940594,0.033003300330033,0.37293729372937295,303
41,e4 e6 Nf3 d5 exd5 exd5 d4 Nf6 h3 c5,10,white,0.7096774193548387,0.06451612903225806,0.22580645161290322,31
42,e4 e5 Nf3 Nf6 Nxe5 d6 Nf3 Nxe4 Qe2 Qe7 d3 Nf6 Qxe7+ Bxe7 Be2 O-O,16,white,0.42857142857142855,0.07142857142857142,0.5,14
43,e4 e5 Nf3 Nc6 d4 exd4 Nxd4 Qf6 Nxc6 Qxc6,10,white,0.4444444444444444,0.037037037037037035,0.5185185185185185,27
44,e4 e5 Nf3 Nc6 Bc4 Nf6 d4 exd4 O-O Nxe4 Re1 d5 Bxd5 Qxd5,14,white,0.375,0.0,0.625,16
45,e4 e5 Nf3 d6 Nc3 c6 d4 exd4 Nxd4 Nf6,10,white,0.6428571428571429,0.0,0.35714285714285715,14
46,d4 c5 Nf3 cxd4 Nxd4 Nc6 Nxc6 bxc6 g3 g6,10,white,0.7692307692307693,0.15384615384615385,0.07692307692307693,13
48,e4 e5 Nf3 Nf6 Nc3 Nc6 d4 exd4 Nxd4 Bc5,10,white,0.4166666666666667,0.0,0.5833333333333334,12
49,d4 d5 Nc3 Nc6 Bf4 Nf6 Nb5 e5 dxe5 Ne4,10,white,0.7142857142857143,0.0,0.2857142857142857,14
50,e4 d5 exd5 Qxd5 Nc3 Qe5+ Qe2 Qxe2+ Bxe2 Nf6,10,white,0.4666666666666667,0.06666666666666667,0.4666666666666667,15
52,e4 e5 Nf3 Nc6 Bb5 d6 d4 Bd7 dxe5 Nxe5,10,white,0.48148148148148145,0.0,0.5185185185185185,27
54,e4 e5 Nf3 Nc6 Bb5 Nge7 O-O a6 Ba4 b5,10,white,0.7358490566037735,0.018867924528301886,0.24528301886792453,53
55,e4 e5 Nf3 Nc6 Bb5 Bc5 Bxc6 dxc6 Nxe5 Nf6,10,white,0.7857142857142857,0.0,0.21428571428571427,14
56,e4 c5 Nf3 Nc6 d4 cxd4 Nxd4 Nf6 Nc3 e6 Be2 Bb4,12,white,0.375,0.0,0.625,16
57,e4 e5 Nf3 Nc6 d4 exd4 Nxd4 Nxd4 Qxd4 c5 Qe5+ Qe7,12,white,0.6551724137931034,0.0,0.3448275862068966,29
58,e4 e5 Nf3 Nc6 Bc4 Nf6 d4 exd4 O-O Bc5,10,white,0.625,0.0625,0.3125,16
61,e4 e5 Nf3 Nc6 Bb5 Nf6 Bxc6 dxc6 Nxe5 Qd4 Nf3 Qxe4+,12,white,0.14285714285714285,0.0,0.8571428571428571,14
62,e4 e5 Nf3 Nc6 Bb5 a6 Bxc6 dxc6 Nxe5 Qd4 Nf3 Qxe4+ Qe2 Qxe2+,14,white,0.32432432432432434,0.08108108108108109,0.5945945945945946,74
63,e4 e5 Nf3 Nc6 Bb5 a6 Ba4 Nf6 O-O b5 Bb3 Bc5,12,white,0.4827586206896552,0.13793103448275862,0.3793103448275862,29
64,e4 e5 Nf3 d6 Bc4 h6 h3 Nf6 d3 Be7,10,white,0.5,0.0,0.5,16
67,e4 c5 Bc4 e6 d4 cxd4 Qxd4 Nc6 Qd1 Nf6,10,white,0.08333333333333333,0.0,0.9166666666666666,12
69,e4 e5 Nf3 Nc6 Bc4 h6 d4 exd4 Nxd4 Nf6 Nxc6 bxc6,12,white,0.5333333333333333,0.13333333333333333,0.3333333333333333,15
70,e4 e5 Nf3 d6 d4 Nc6 dxe5 dxe5 Qxd8+ Kxd8,10,white,0.6,0.06,0.34,50
71,e4 e5 Nf3 Nc6 Bb5 a6 Ba4 Nf6 O-O Nxe4 d4 b5 Bb3 d5 dxe5 Be6,16,white,0.5416666666666666,0.0,0.4583333333333333,24
72,e4 e5 Nf3 Nc6 d4 exd4 Nxd4 Nxd4 Qxd4 Nf6 Bg5 Be7,12,white,0.35294117647058826,0.0,0.6470588235294118,34
73,e4 c5 Nf3 Nc6 d4 cxd4 Nxd4 g6 Nxc6 bxc6 Qd4 Nf6 e5 Nd5,14,white,0.38461538461538464,0.07692307692307693,0.5384615384615384,13
74,e4 e5 Nf3 Qf6 Nc3 c6 d4 exd4 Nxd4 Bc5,10,white,0.47619047619047616,0.14285714285714285,0.38095238095238093,21
75,d4 Nf6 c4 g6 Nc3 d5 Nf3 Bg7 cxd5 Nxd5,10,white,0.6153846153846154,0.0,0.38461538461538464,13
76,e4 e5 Nf3 Nc6 Bc4 Nf6 O-O Bc5 c3 O-O,10,white,0.7058823529411765,0.0,0.29411764705882354,17
77,e4 e6 d4 d5 Nc3 Nf6 e5 Nfd7 f4 c5 Nf3 Nc6,12,white,0.5416666666666666,0.0,0.4583333333333333,24
80,e4 c5 Nf3 Nc6 d4 cxd4 c3 dxc3 Nxc3 g6,10,white,0.875,0.0,0.125,24
81,e4 d5 exd5 Qxd5 Nc3 Qa5 d3 c6 Bd2 Qc7,10,white,0.19047619047619047,0.0,0.8095238095238095,21
82,d4 e6 Nf3 d5 g3 Nf6 Bg2 Be7 O-O O-O,10,white,0.46153846153846156,0.07692307692307693,0.46153846153846156,13
83,e4 e5 Nf3 Nc6 Bb5 d6 Bxc6+ bxc6 d4 Ba6,10,white,0.5,0.0,0.5,12
84,e4 e5 f4 exf4 Nf3 d6 Bc4 Bg4 O-O Bxf3,10,white,0.9166666666666666,0.0,0.08333333333333333,12
86,e4 e6 d4 d5 Nc3 Bb4 e5 Ne7 a3 Bxc3+,10,white,0.2857142857142857,0.0,0.7142857142857143,14
87,e4 e5 Nf3 Nc6 Bc4 h6 d4 d6 dxe5 Nxe5 Nxe5 dxe5,12,white,0.6923076923076923,0.07692307692307693,0.23076923076923078,13
88,e4 e6 Nf3 d5 exd5 exd5 d4 c5 dxc5 Bxc5,10,white,0.3076923076923077,0.0,0.6923076923076923,13
91,e4 e5 Nf3 d6 Bc4 Bg4 h3 Bxf3 Qxf3 Nf6 d3 h6,12,white,0.6153846153846154,0.0,0.38461538461538464,13
92,e4 d5 exd5 Qxd5 Nc3 Qd8 d4 Nf6 Nf3 e6,10,white,0.5227272727272727,0.09090909090909091,0.38636363636363635,44
93,e4 d5 exd5 Qxd5 Nc3 Qd8 d4 e6 Nf3 Be7,10,white,0.5714285714285714,0.0,0.42857142857142855,14
94,e4 c5 Nf3 Nc6 d4 cxd4 Nxd4 d6 Bb5 Bd7,10,white,0.3333333333333333,0.18518518518518517,0.48148148148148145,27
95,d4 Nf6 c4 e6 Nf3 d5 e3 c6 Nbd2 Bd6,10,white,0.4375,0.1875,0.375,16
96,e4 e5 Nf3 Nc6 Bb5 a6 Bxc6 dxc6 d4 exd4 Qxd4 Qxd4,12,white,0.5757575757575758,0.09090909090909091,0.3333333333333333,33
97,e4 e5 Nf3 Nc6 Bb5 Nge7 c3 g6 O-O Bg7,10,white,0.3076923076923077,0.0,0.6923076923076923,13
99,d4 Nf6 Nf3 g6 g3 Bg7 Bg2 O-O O-O d5,10,white,0.5,0.0,0.5,12
100,e4 e5 Nf3 Nc6 c3 d6 d4 exd4 cxd4 Bg4,10,white,0.45,0.05,0.5,20
102,e4 Nc6 Nf3 e5 Bc4 Nf6 Ng5 d5 exd5 Na5,10,white,0.45161290322580644,0.0,0.5483870967741935,31
103,e4 e6 d4 d5 Nc3 Nf6 Bg5 Be7 e5 Nfd7 Bxe7 Qxe7,12,white,0.5135135135135135,0.08108108108108109,0.40540540540540543,37
105,e4 d5 exd5 Qxd5 Nc3 Qa5 d4 Nf6 Nf3 Bg4 h3 Bh5 g4 Bg6,14,white,0.5,0.08333333333333333,0.4166666666666667,12
106,e4 e5 Nf3 d6 Bc4 h6 d4 exd4 Qxd4 Nc6,10,white,0.2,0.0,0.8,15
107,e4 e5 Nf3 Nc6 Bc4 Nf6 d3 Be7 O-O O-O,10,white,0.5769230769230769,0.07692307692307693,0.34615384615384615,26
108,e4 e5 Nf3 d6 d4 exd4 Nxd4 c5 Nf3 Nf6,10,white,0.5833333333333334,0.0,0.4166666666666667,12
109,e4 c5 Nf3 d6 Nc3 Nf6 d4 cxd4 Nxd4 g6,10,white,0.4166666666666667,0.0,0.5833333333333334,12
110,e4 e5 Nf3 d6 d4 Nc6 dxe5 dxe5 Qxd8+ Nxd8,10,white,0.6521739130434783,0.043478260869565216,0.30434782608695654,23
112,e4 d5 exd5 Qxd5 Nc3 Qe5+ Be2 Bg4 f3 Bf5,10,white,0.4146341463414634,0.0,0.5853658536585366,41
114,e4 c5 Nf3 Nc6 d4 cxd4 Nxd4 e5 Nxc6 dxc6,10,white,0.3076923076923077,0.0,0.6923076923076923,13
116,e4 e5 Nf3 Nc6 Bc4 Nf6 d3 Bc5 c3 O-O,10,white,0.4166666666666667,0.0,0.5833333333333334,12
117,e4 e5 Nf3 Nc6 Bb5 Nd4 Nxd4 exd4 O-O c6 Bc4 Nf6,12,white,0.32,0.0,0.68,25
118,e4 e5 Nf3 Nc6 Bb5 Bc5 O-O Nf6 d3 O-O,10,white,0.6666666666666666,0.08333333333333333,0.25,12
120,e4 d5 exd5 Nf6 c4 c6 dxc6 Nxc6 Nf3 Bg4,10,white,0.42857142857142855,0.0,0.5714285714285714,14
121,e4 e6 d4 d5 Nc3 Nf6 Bg5 Be7 e5 Nfd7,10,white,0.45794392523364486,0.07476635514018691,0.4672897196261682,107
122,e4 d5 exd5 Qxd5 Nc3 Qe5+ Be2 e6 Nf3 Qf6,10,white,0.8461538461538461,0.0,0.15384615384615385,13
123,e4 e5 Nf3 Nc6 Bb5 a6 Ba4 Nf6 O-O Be7 Re1 b5 Bb3 O-O h3 Bb7,16,white,0.26666666666666666,0.06666666666666667,0.6666666666666666,15
125,d4 d5 Nc3 Nf6 Bf4 e6 Nb5 Bd6 Qd2 a6,10,white,0.8461538461538461,0.0,0.15384615384615385,26
126,e4 e5 Nf3 Nc6 Bc4 h6 d4 exd4 Nxd4 Nge7,10,white,0.42105263157894735,0.0,0.5789473684210527,19
127,d4 d5 Nc3 Nf6 Nf3 e6 Bg5 Be7 Bxf6 Bxf6,10,white,0.5,0.0,0.5,12
128,e4 e5 Nf3 Nc6 Bb5 d6 O-O Bd7 c3 a6 Ba4 b5,12,white,0.75,0.0,0.25,12
129,e4 e5 Nf3 Nc6 Bb5 a6 Ba4 Nf6 O-O Nxe4 d4 b5 Bb3 d5,14,white,0.52,0.04,0.44,25
130,e4 e5 Qh5 Nc6 Bc4 Qe7 Nc3 Nf6 Qd1 d6,10,white,0.6666666666666666,0.0,0.3333333333333333,12
131,e4 c5 Nf3 e6 d4 cxd4 Nxd4 Nc6 Nxc6 bxc6,10,white,0.4186046511627907,0.06976744186046512,0.5116279069767442,43
133,e4 e5 Nf3 d6 d4 exd4 Nxd4 Be7 Nc3 Bf6,10,white,0.35714285714285715,0.0,0.6428571428571429,14
134,d4 c5 d5 e6 c4 exd5 cxd5 d6 Nc3 Nf6 e4 Be7 Nf3 O-O,14,white,0.5294117647058824,0.0,0.47058823529411764,17
136,d4 d5 c4 Nc6 cxd5 Qxd5 e3 e5 Nc3 Bb4 Bd2 Bxc3 bxc3 exd4 cxd4 Nf6 Qb3 Qd6,18,white,0.9642857142857143,0.0,0.03571428571428571,28
137,e4 e5 Nf3 Nc6 Bb5 Bc5 O-O Nge7 c3 O-O d4 exd4 cxd4 Bb6,14,white,0.391304347826087,0.0,0.6086956521739131,23
138,e4 c5 Nf3 Nc6 Nc3 e5 Bb5 d6 d3 Ne7,10,white,0.14285714285714285,0.0,0.8571428571428571,14
139,e4 e5 Nf3 Nc6 Bc4 h6 O-O Nf6 Nc3 d6,10,white,0.6153846153846154,0.0,0.38461538461538464,13
140,d4 Nf6 e3 g6 Nf3 Bg7 Be2 O-O O-O d6,10,white,0.42857142857142855,0.0,0.5714285714285714,14
141,d4 d5 c4 Nf6 cxd5 Nxd5 e4 Nf6 Nc3 e6,10,white,0.575,0.1,0.325,40
142,e4 d5 exd5 Qxd5 Nc3 Qa5 d4 c6 Bc4 Nf6,10,white,0.35714285714285715,0.0,0.6428571428571429,14
143,e4 d5 exd5 Qxd5 Nc3 Qe6+ Qe2 Nc6 Qxe6 Bxe6 Nf3 Nb4,12,white,0.6,0.06666666666666667,0.3333333333333333,15
145,e4 e5 Nf3 Nc6 Bb5 d6 O-O Bd7 c3 Nf6,10,white,0.8,0.0,0.2,15
146,e4 c5 Nf3 Nc6 c3 g6 d4 cxd4 cxd4 Bg7,10,white,0.4375,0.0625,0.5,16
147,e4 e5 Nf3 d6 Bc4 Be7 O-O Nf6 d4 exd4,10,white,0.35714285714285715,0.07142857142857142,0.5714285714285714,14
150,e4 e5 Nf3 Nc6 Bc4 h6 c3 Bc5 d4 exd4,10,white,0.6666666666666666,0.0,0.3333333333333333,27
151,e4 e5 Nf3 Nc6 Bc4 h6 O-O Nf6 Nc3 Bc5,10,white,0.42105263157894735,0.0,0.5789473684210527,19
152,d4 c5 Nf3 cxd4 Nxd4 Nc6 Nxc6 bxc6 g3 g6 Bg2 Bg7,12,white,0.7692307692307693,0.15384615384615385,0.07692307692307693,13
153,e4 e5 Nf3 Nc6 Bc4 Nf6 Nc3 Be7 O-O O-O,10,white,0.6470588235294118,0.0,0.35294117647058826,17
154,e4 c5 Nf3 Nc6 c3 g6 d4 cxd4 cxd4 d5,10,white,0.25,0.0,0.75,12
155,e4 c6 d4 d5 e5 Bf5 Bd3 Bg6 Bxg6 hxg6,10,white,0.4,0.05,0.55,20
156,e4 e5 Nf3 d6 d4 Bg4 Be2 Bxf3 Bxf3 exd4,10,white,0.42105263157894735,0.07894736842105263,0.5,38
157,e4 c6 d4 d5 Nc3 dxe4 Nxe4 Nf6 Nxf6+ exf6 Nf3 Bd6,12,white,0.5,0.0,0.5,12
158,e4 e5 Nf3 Nc6 Bc4 Nf6 Ng5 d5 exd5 Nxd5 Nxf7 Kxf7 Qf3+ Ke6 Nc3 Nb4,16,white,0.7142857142857143,0.0,0.2857142857142857,28
159,d4 d5 c4 Nc6 Nc3 Nf6 cxd5 Nxd5 e4 Nxc3 bxc3 e5,12,white,0.7333333333333333,0.0,0.26666666666666666,30
160,d4 e6 c4 d5 Nc3 Nf6 Nf3 Be7 Bg5 O-O,10,white,0.44,0.0,0.56,25
161,e4 e6 Nf3 d5 exd5 exd5 d4 Bd6 Bd3 Ne7,10,white,0.6666666666666666,0.0,0.3333333333333333,12
165,e4 d5 exd5 Qxd5 Nc3 Qa5 Nf3 Nc6 d4 Nf6,10,white,0.5833333333333334,0.0,0.4166666666666667,12
166,e4 e5 Nf3 Nc6 Bc4 Nf6 Ng5 d5 exd5 Na5 Bb5+ c6 dxc6 bxc6 Ba4 h6,16,white,0.23529411764705882,0.029411764705882353,0.7352941176470589,34
167,e4 c5 Nf3 Nc6 d4 cxd4 Nxd4 Nf6 Nc3 d6 Be3 e5,12,white,0.16666666666666666,0.08333333333333333,0.75,12
169,e4 e5 Nf3 Nc6 Bb5 a6 Ba4 Nf6 O-O Be7 Re1 d6,12,white,0.6428571428571429,0.0,0.35714285714285715,14
170,d4 d5 Nf3 Nf6 Bf4 e6 e3 Bd6 Bxd6 Qxd6 Nbd2 O-O,12,white,0.38461538461538464,0.15384615384615385,0.46153846153846156,13
171,e4 e5 Bc4 Nf6 d3 d5 exd5 Nxd5 Nf3 Bg4,10,white,0.7857142857142857,0.0,0.21428571428571427,14
172,d4 d5 c4 Nf6 Nc3 e6 Bg5 Be7 Nf3 O-O,10,white,0.3333333333333333,0.08333333333333333,0.5833333333333334,12
173,e4 d5 exd5 Qxd5 Nc3 Qa5 d4 Nf6 Bd2 c6,10,white,0.5660377358490566,0.0,0.4339622641509434,53
174,e4 e6 Nf3 d5 exd5 exd5 c4 Nf6 cxd5 Nxd5,10,white,0.25,0.0,0.75,12
175,e4 d5 exd5 Qxd5 Nc3 Qd8 d4 e6 Nf3 c6,10,white,0.7272727272727273,0.0,0.2727272727272727,22
176,e4 e5 Nf3 Nc6 Bb5 Bc5 O-O Nge7 c3 O-O d4 exd4,12,white,0.43478260869565216,0.0,0.5652173913043478,23
177,e4 c5 Nf3 d6 Nc3 Nc6 d4 cxd4 Nxd4 Nf6,10,white,0.4666666666666667,0.0,0.5333333333333333,15
178,e4 e5 Nf3 Nc6 Bb5 Nf6 d3 Nd4 Nxd4 exd4,10,white,0.5714285714285714,0.0,0.42857142857142855,14
179,e4 e5 Nf3 Nc6 Bb5 a6 Bxc6 dxc6 Nxe5 Qd4 Nf3 Qxe4+ Qe2 Qxe2+ Kxe2 Bg4 Re1 O-O-O,18,white,0.3157894736842105,0.10526315789473684,0.5789473684210527,38
180,e4 e5 Qh5 Nc6 Bc4 g6 Qf3 Nf6 c3 Bg7 d3 O-O Bg5 d6,14,white,0.4117647058823529,0.058823529411764705,0.5294117647058824,17
181,e4 Nc6 Nf3 e5 Bc4 Nf6 Ng5 d5 exd5 Na5 Bb5+ c6,12,white,0.5,0.0,0.5,26
182,e4 e5 Nf3 Nc6 d4 exd4 Nxd4 Nf6 Nc3 Bb4 Nxc6 bxc6,12,white,0.4,0.1,0.5,30
183,d4 d5 Nf3 c6 e3 Nf6 Bd3 Bg4 c3 e6,10,white,0.2,0.06666666666666667,0.7333333333333333,15
184,d4 d5 c4 c6 Nc3 Nf6 Nf3 e6 Bg5 Be7,10,white,0.5151515151515151,0.06060606060606061,0.42424242424242425,33
185,e4 e5 f4 Nc6 Nf3 exf4 Bc4 Bc5 d4 Bb6,10,white,0.5333333333333333,0.06666666666666667,0.4,15
186,e4 e5 Nf3 Nc6 Bc4 Bc5 c3 a6 d4 exd4 cxd4 Ba7,12,white,0.42857142857142855,0.0,0.5714285714285714,14
187,e4 e5 Nf3 d6 d4 c5 dxe5 dxe5 Qxd8+ Kxd8,10,white,0.8461538461538461,0.07692307692307693,0.07692307692307693,13
188,e4 d5 exd5 Qxd5 d4 Nc6 Nf3 Bg4 Be2 O-O-O,10,white,0.4,0.0,0.6,20
190,e4 d5 exd5 c6 dxc6 Nxc6 Nf3 Bg4 Be2 h5,10,white,0.5,0.0,0.5,12
191,e4 e5 Nf3 Nc6 Nc3 Bc5 Bb5 d6 Bxc6+ bxc6 d4 exd4,12,white,0.4166666666666667,0.08333333333333333,0.5,12
192,e4 e5 Qh5 Nc6 Bc4 g6 Qf3 Nf6 c3 Bg7 d3 O-O,12,white,0.5121951219512195,0.024390243902439025,0.4634146341463415,41
193,e4 e5 Nf3 Nc6 Bb5 a6 Ba4 Nf6 Nc3 b5 Bb3 Be7,12,white,0.4166666666666667,0.08333333333333333,0.5,12
194,e4 e5 Nf3 d6 Bc4 Bg4 Nc3 Nf6 h3 Bh5,10,white,0.3333333333333333,0.08333333333333333,0.5833333333333334,12
195,e4 e5 Nf3 Nc6 Bb5 Nf6 O-O d6 Re1 Bd7,10,white,0.5,0.0,0.5,12
196,d4 e6 Nf3 d5 g3 Nf6 Bg2 c5 O-O cxd4,10,white,0.7,0.0,0.3,20
198,e4 e5 Nf3 Nc6 d4 exd4 Nxd4 Nxd4 Qxd4 Qf6,10,white,0.5087719298245614,0.07017543859649122,0.42105263157894735,114
200,d4 d5 f3 Bf5 Nc3 e6 e4 dxe4 fxe4 Bg6,10,white,0.42857142857142855,0.0,0.5714285714285714,14
201,e4 d5 exd5 Qxd5 Nc3 Qa5 Nf3 c6 Bc4 e6,10,white,0.6153846153846154,0.07692307692307693,0.3076923076923077,13
202,d4 d5 c4 c6 cxd5 cxd5 Nc3 Nf6 Bg5 e6,10,white,0.46153846153846156,0.0,0.5384615384615384,13
203,e4 e5 Nf3 Nc6 Bc4 h6 Nc3 Nf6 d3 d6,10,white,0.5384615384615384,0.07692307692307693,0.38461538461538464,13
204,d4 d5 c4 c6 Nc3 e6 Nf3 Nf6 Bg5 Be7 e3 O-O,12,white,0.5714285714285714,0.0,0.42857142857142855,14
206,e4 e5 Nf3 Nc6 Bc4 Nf6 d3 Bb4+ c3 Bc5,10,white,0.5384615384615384,0.0,0.46153846153846156,13
207,e4 e5 Nf3 Nc6 c3 Bc5 d4 exd4 cxd4 Bb6,10,white,0.46511627906976744,0.046511627906976744,0.4883720930232558,43
208,e4 c5 Nf3 Nc6 d4 e6 d5 exd5 exd5 Nb4,10,white,0.6666666666666666,0.0,0.3333333333333333,15
209,e4 e5 Nf3 Nf6 Nxe5 d6 Nf3 Nxe4 d4 d5 Bd3 Be7,12,white,0.42857142857142855,0.0,0.5714285714285714,14
210,e4 e5 Nf3 Nc6 Bb5 a6 Bxc6 dxc6 O-O Bd6 d4 exd4,12,white,0.6521739130434783,0.043478260869565216,0.30434782608695654,23
211,e4 b6 Nf3 Bb7 Nc3 Nf6 d4 Nxe4 Nxe4 Bxe4,10,white,0.7222222222222222,0.0,0.2777777777777778,18
212,d4 Nf6 c4 g6 Nc3 Bg7 e4 d6 Nf3 O-O,10,white,0.6268656716417911,0.029850746268656716,0.34328358208955223,67
214,d4 d5 c4 e6 Nf3 Nf6 Bg5 Be7 e3 O-O,10,white,0.6923076923076923,0.0,0.3076923076923077,13
215,d4 d5 c4 e6 Nc3 Nf6 Bg5 Be7 Bxf6 Bxf6,10,white,0.4117647058823529,0.11764705882352941,0.47058823529411764,17
217,e4 e5 Nf3 Nc6 Bc4 Bc5 c3 Nf6 d4 exd4 cxd4 Bb4+ Nc3 Nxe4 O-O Nxc3 bxc3 Bxc3,18,white,0.5714285714285714,0.0,0.42857142857142855,14
219,e4 c5 Nf3 Nc6 d4 cxd4 Nxd4 e5 Nb5 Nf6,10,white,0.6052631578947368,0.0,0.39473684210526316,38
220,e4 d5 exd5 Qxd5 Nc3 Qa5 d4 c6 Nf3 Nf6,10,white,0.35,0.0,0.65,20
221,e4 e5 Nf3 d6 Bc4 Be6 Bxe6 fxe6 d3 Nf6,10,white,0.43478260869565216,0.0,0.5652173913043478,23
222,e4 c6 d4 d5 e5 Bf5 g4 Bg6 h4 h6,10,white,0.8181818181818182,0.045454545454545456,0.13636363636363635,22
223,e4 e5 Nf3 Nc6 Bc4 Nf6 Nc3 Bb4 a3 Bxc3,10,white,0.5,0.125,0.375,16
224,e4 e5 Nf3 Nc6 Bb5 Nf6 Bxc6 dxc6 d3 Bc5,10,white,0.36363636363636365,0.13636363636363635,0.5,22
225,e4 d5 exd5 Qxd5 Nc3 Qe5+ Be2 Bg4 Nf3 Bxf3,10,white,0.4339622641509434,0.018867924528301886,0.5471698113207547,53
226,e4 e5 Nf3 d6 d4 exd4 Nxd4 Bd7 Bc4 Nc6,10,white,0.42105263157894735,0.0,0.5789473684210527,19
227,e4 d6 d4 Nf6 Nc3 g6 Nf3 Bg7 Bc4 O-O,10,white,0.46153846153846156,0.07692307692307693,0.46153846153846156,13
230,e4 d5 exd5 Qxd5 Nc3 Qa5 d4 Nf6 Nf3 Bg4,10,white,0.4838709677419355,0.03225806451612903,0.4838709677419355,62
231,e4 e5 Nf3 Nc6 Bb5 d6 d4 exd4 Nxd4 Bd7 Nxc6 Bxc6,12,white,0.5769230769230769,0.0,0.4230769230769231,26
232,e4 d5 exd5 Nf6 c4 c6 dxc6 Nxc6 Nf3 e5,10,white,0.2,0.0,0.8,25
234,e4 c6 d4 d5 exd5 cxd5 c4 Nf6 Nc3 e6,10,white,0.4444444444444444,0.0,0.5555555555555556,18
235,e4 e6 Nf3 d5 e5 c5 d4 Nc6 Bb5 Qb6 Bxc6+ bxc6,12,white,0.4166666666666667,0.08333333333333333,0.5,24
237,e4 e5 Nf3 Nc6 Bc4 Nf6 d3 Be7 Nc3 d6,10,white,0.3888888888888889,0.05555555555555555,0.5555555555555556,18
238,e4 e5 Nf3 Nf6 Nc3 Nc6 Bc4 Bc5 d3 d6,10,white,0.6666666666666666,0.0,0.3333333333333333,12
239,d4 e6 a3 b6 Nc3 Bb7 Bf4 Nf6 Nb5 d6,10,white,0.7857142857142857,0.0,0.21428571428571427,14
240,e4 e5 Nf3 d6 d4 exd4 Nxd4 Nf6 Nc3 Bg4,10,white,0.56,0.0,0.44,25
241,e4 e5 Nf3 Nc6 Bb5 Qf6 O-O a6 Ba4 b5,10,white,0.5652173913043478,0.0,0.43478260869565216,23
242,e4 e5 Qh5 Nc6 Bc4 g6 Qf3 Nf6 d3 Nd4 Qd1 d5,12,white,0.3076923076923077,0.07692307692307693,0.6153846153846154,13
243,e4 e5 Nf3 Nc6 Bc4 h6 O-O Nf6 d3 Bc5,10,white,0.5416666666666666,0.08333333333333333,0.375,24
244,e4 e5 Nf3 Nc6 Bb5 a6 Ba4 Nf6 d3 b5,10,white,0.4266666666666667,0.02666666666666667,0.5466666666666666,75
245,e4 c5 Nf3 d6 Bc4 e6 d4 cxd4 Qxd4 Nc6,10,white,0.0,0.16666666666666666,0.8333333333333334,12
246,e4 e5 Nf3 Nc6 Bb5 a6 Bxc6 dxc6 d4 exd4 Qxd4 Qxd4 Nxd4 Bc5,14,white,0.5714285714285714,0.14285714285714285,0.2857142857142857,14
248,e4 e5 Nf3 d6 d4 Bg4 dxe5 dxe5 Qxd8+ Kxd8,10,white,0.7169811320754716,0.05660377358490566,0.22641509433962265,53
249,e4 e5 Nf3 Nc6 Bc4 Bc5 O-O Nf6 d3 O-O,10,white,0.6,0.08888888888888889,0.3111111111111111,45
250,e4 d5 exd5 Qxd5 Nc3 Qe6+ Qe2 Nc6 Nf3 Nb4,10,white,0.5,0.0,0.5,22
251,e4 c5 Nf3 Nc6 d4 cxd4 Nxd4 Nf6 Nc3 d6,10,white,0.4198473282442748,0.04580152671755725,0.5343511450381679,131
253,e4 e5 Nf3 Nc6 d4 exd4 Bc4 h6 c3 dxc3,10,white,0.8,0.0,0.2,30
254,e4 e6 Nf3 d5 exd5 exd5 d4 Bg4 Be2 Nf6,10,white,0.3684210526315789,0.05263157894736842,0.5789473684210527,19
255,e4 c5 Nf3 Nc6 Bc4 e6 d3 d5 exd5 exd5,10,white,0.6923076923076923,0.0,0.3076923076923077,13
256,e4 e5 Nf3 Nc6 d4 exd4 Nxd4 Bc5 Nxc6 Qf6,10,white,0.2876712328767123,0.0136986301369863,0.6986301369863014,73
257,e4 d5 exd5 Qxd5 Nc3 Qa5 d3 e5 Bd2 Bb4,10,white,0.8461538461538461,0.0,0.15384615384615385,13
259,e4 e5 Nf3 Nc6 Bc4 Nf6 d3 Be7 c3 O-O,10,white,0.38461538461538464,0.0,0.6153846153846154,13
261,e4 e6 Nf3 d5 exd5 exd5 d4 Bg4 Be2 Nc6,10,white,0.16666666666666666,0.08333333333333333,0.75,12
262,e4 e6 Nf3 d5 Nc3 Nf6 e5 Nfd7 d4 c5,10,white,0.2222222222222222,0.05555555555555555,0.7222222222222222,18
263,e4 e5 Nf3 d6 d4 exd4 Nxd4 Be7 Bc4 Nf6,10,white,0.5,0.09090909090909091,0.4090909090909091,22
265,e4 e5 Nf3 d6 d4 exd4 Nxd4 Nf6 Bd3 Bd7,10,white,0.3333333333333333,0.08333333333333333,0.5833333333333334,12
266,e4 e5 Nf3 d6 d4 exd4 Nxd4 c5 Nf3 Be7,10,white,0.3333333333333333,0.0,0.6666666666666666,15
267,e4 e5 Bc4 b5 Bxb5 c6 Bc4 d5 exd5 cxd5,10,white,0.3888888888888889,0.05555555555555555,0.5555555555555556,18
268,d4 e5 c4 exd4 Qxd4 Nc6 Qd1 Nf6 Nc3 Bb4,10,white,0.3076923076923077,0.07692307692307693,0.6153846153846154,13
269,e4 e5 Nf3 Nf6 Nxe5 Qe7 d4 Nxe4 Qe2 d5,10,white,0.6923076923076923,0.0,0.3076923076923077,13
270,d4 Nf6 c4 g6 Nc3 d5 Nf3 Bg7 Bg5 Ne4,10,white,0.9166666666666666,0.0,0.08333333333333333,12
271,d4 d5 c4 e6 Nc3 Nf6 Bg5 Be7 Nf3 O-O,10,white,0.625,0.020833333333333332,0.3541666666666667,48
273,e4 e5 Nf3 Nc6 Bb5 a6 Ba4 Nf6 d3 b5 Bb3 Be7 c3 O-O,14,white,0.6666666666666666,0.0,0.3333333333333333,12
275,e4 d5 exd5 Qxd5 Nc3 Qe6+ Be2 c5 Nf3 h6,10,white,0.6428571428571429,0.0,0.35714285714285715,14
276,e4 e5 Nf3 Nc6 Bb5 Bc5 O-O Nf6 Re1 O-O,10,white,0.6842105263157895,0.0,0.3157894736842105,19
277,e4 e5 f4 exf4 Nf3 Be7 Bc4 Bh4+ Ke2 d6,10,white,0.38461538461538464,0.15384615384615385,0.46153846153846156,13
278,e4 e5 Nf3 Nc6 Bc4 Bc5 b4 Bxb4 c3 Be7,10,white,0.5833333333333334,0.0,0.4166666666666667,12
279,e4 b6 d4 Bb7 Nc3 e6 f4 Bb4 Bd3 Nf6,10,white,0.4166666666666667,0.0,0.5833333333333334,12
280,e4 d5 exd5 Qxd5 Nc3 Qa5 d3 Nf6 Bd2 c6,10,white,0.5172413793103449,0.034482758620689655,0.4482758620689655,29
281,e4 e6 Nf3 d5 e5 c5 Bb5+ Bd7 Bxd7+ Nxd7,10,white,0.3333333333333333,0.0,0.6666666666666666,12
282,g3 e6 Bg2 d5 d3 Nf6 Bg5 Be7 Bxf6 Bxf6,10,white,0.4444444444444444,0.0,0.5555555555555556,18
283,e4 e5 Nf3 d6 d4 exd4 Nxd4 c5 Nf3 Nc6,10,white,0.525,0.025,0.45,40
284,d4 d5 Nc3 Nf6 Bf4 e6 Nb5 Bd6 Qd2 Bxf4,10,white,0.85,0.1,0.05,20
286,e4 e5 Nf3 Nc6 Bb5 Bc5 O-O d6 c3 a6,10,white,0.4375,0.0,0.5625,16
287,e4 e5 Nf3 Nc6 d4 exd4 Nxd4 Nxd4 Qxd4 d6,10,white,0.4584615384615385,0.06769230769230769,0.47384615384615386,325
288,e4 Nf6 e5 Nd5 d4 d6 c4 Nb6 f4 dxe5,10,white,0.3333333333333333,0.07407407407407407,0.5925925925925926,27
289,e4 e5 Nf3 Nc6 Bb5 a6 Bxc6 dxc6 Nxe5 Qd4 Nf3 Qxe4+,12,white,0.26373626373626374,0.07692307692307693,0.6593406593406593,91
290,g3 c5 Bg2 e6 d3 d5 Bf4 Nf6 Bxb8 Rxb8,10,white,0.2608695652173913,0.0,0.7391304347826086,23
291,e4 b6 Nf3 Bb7 Nc3 e6 d4 Bb4 Bd3 Nf6 Qe2 c5,12,white,0.45,0.0,0.55,20
292,e4 e5 Nf3 Nc6 Bb5 a6 Bxc6 dxc6 d3 f6,10,white,0.2,0.1,0.7,20
293,e4 e5 Nf3 Nc6 Bc4 Nf6 d3 Bc5 O-O O-O,10,white,0.5151515151515151,0.12121212121212122,0.36363636363636365,33
295,e4 c5 Nf3 g6 c3 Bg7 d4 cxd4 cxd4 d5,10,white,0.8,0.0,0.2,20
296,e4 c5 Nf3 Nc6 Nc3 e6 d4 cxd4 Nxd4 Nf6 Nxc6 bxc6,12,white,0.4166666666666667,0.08333333333333333,0.5,12
297,e4 c5 Nf3 Nc6 d4 cxd4 Nxd4 e5 Nb5 a6 Nd6+ Bxd6,12,white,0.5970149253731343,0.05970149253731343,0.34328358208955223,67
298,e4 c5 Nf3 Nc6 d4 cxd4 Nxd4 e5 Nb5 Nf6 Nd6+ Bxd6 Qxd6 Nxe4,14,white,0.13333333333333333,0.0,0.8666666666666667,15
299,e4 e5 Nf3 Nc6 d4 exd4 Nxd4 Qf6 Be3 Bc5,10,white,0.26666666666666666,0.13333333333333333,0.6,30
300,e4 Nf6 e5 Nd5 c4 Nb6 c5 Nd5 Bc4 e6 Bxd5 exd5,12,white,0.4,0.06666666666666667,0.5333333333333333,15
301,e4 e5 Nf3 Nc6 Bb5 Nf6 Bxc6 dxc6 d3 Bg4,10,white,0.35714285714285715,0.0,0.6428571428571429,28
302,e4 e5 Nf3 Nc6 Bc4 Nf6 d3 Be7 Nc3 O-O,10,white,0.8181818181818182,0.045454545454545456,0.13636363636363635,22
303,e4 e5 Nf3 Nf6 Nxe5 Qe7 Nf3 Nxe4 Qe2 d5,10,white,0.5161290322580645,0.06451612903225806,0.41935483870967744,31
304,e4 e5 Nf3 Nc6 Bc4 Bc5 O-O d6 c3 Nf6,10,white,0.5294117647058824,0.0,0.47058823529411764,17
305,e4 e5 Nf3 Nc6 Bc4 h6 c3 Nf6 d3 Bc5,10,white,0.6666666666666666,0.08333333333333333,0.25,12
306,e4 e5 Nf3 Nc6 Bc4 d6 d4 exd4 Nxd4 Nxd4 Qxd4 Nf6,12,white,0.23529411764705882,0.0,0.7647058823529411,17
307,e4 e5 Nf3 d6 Nc3 Bg4 Be2 Bxf3 Bxf3 Nf6,10,white,0.6190476190476191,0.0,0.38095238095238093,21
308,e4 e5 Nf3 Nc6 d4 exd4 Nxd4 Bc5 Nxc6 dxc6,10,white,0.6153846153846154,0.07692307692307693,0.3076923076923077,13
309,e4 e6 Nf3 d5 exd5 exd5 d4 Nf6 h3 Bd6 Bd3 O-O,12,white,0.47619047619047616,0.047619047619047616,0.47619047619047616,21
311,e4 e6 d4 d5 Nc3 Nf6 Bg5 Bb4 e5 h6 Bd2 Nfd7,12,white,0.7368421052631579,0.0,0.2631578947368421,19
312,d4 d5 c4 Nf6 cxd5 Nxd5 e4 Nf6 Nc3 e6 Bg5 Be7,12,white,0.6666666666666666,0.08333333333333333,0.25,12
313,e4 d5 exd5 Qxd5 Nc3 Qe5+ Qe2 Qxe2+ Bxe2 Nc6,10,white,0.5333333333333333,0.03333333333333333,0.43333333333333335,30
314,e4 e5 Nf3 d6 Bc4 h6 Nc3 Nf6 d3 Be7,10,white,0.4117647058823529,0.0,0.5882352941176471,17
315,e4 c5 Nf3 Nc6 Bb5 g6 Bxc6 bxc6 O-O Bg7,10,white,0.42857142857142855,0.0,0.5714285714285714,14
317,e4 e5 Nf3 Nc6 d4 exd4 Nxd4 Bc5 Be3 Nf6,10,white,0.5,0.0,0.5,12
318,e4 e5 Nf3 Nc6 Bc4 Bc5 c3 h6 d4 exd4 cxd4 Bb4+,12,white,0.45454545454545453,0.0,0.5454545454545454,22
319,e4 e5 Nf3 Nc6 Bb5 a6 Bxc6 dxc6 O-O Bg4,10,white,0.5909090909090909,0.0,0.4090909090909091,44
320,e4 e5 Nf3 Nc6 Bb5 d6 Bxc6+ bxc6 h3 Nf6,10,white,0.4482758620689655,0.10344827586206896,0.4482758620689655,29
321,d4 d5 c4 dxc4 Nc3 Nf6 Nf3 e6 Bg5 Be7,10,white,0.7142857142857143,0.07142857142857142,0.21428571428571427,14
322,e4 e5 Bc4 Nf6 Nf3 Nc6 Ng5 d5 exd5 Na5 Bb5+ c6,12,white,0.42857142857142855,0.0,0.5714285714285714,14
323,e4 d5 exd5 Qxd5 Nc3 Qd8 d4 Nf6 Nf3 e6 Bg5 Be7,12,white,0.5333333333333333,0.06666666666666667,0.4,15
324,e4 e5 Nf3 Nc6 d4 exd4 Nxd4 Nxd4 Qxd4 Qf6 e5 Qc6,12,white,0.6666666666666666,0.0,0.3333333333333333,12
325,e4 e5 Nf3 Nc6 Bc4 Bc5 d3 h6 Nc3 Nf6,10,white,0.32142857142857145,0.0,0.6785714285714286,28
326,d4 d5 Nc3 e6 a3 c5 e3 Nc6 dxc5 Bxc5,10,white,0.5833333333333334,0.16666666666666666,0.25,12
327,e4 c5 d4 cxd4 Qxd4 Nc6 Qd1 Nf6 Nc3 d6,10,white,0.46153846153846156,0.15384615384615385,0.38461538461538464,13
328,e4 e5 Nf3 f6 Nxe5 fxe5 Qh5+ Ke7 Qxe5+ Kf7,10,white,0.6111111111111112,0.0,0.3888888888888889,18
330,e4 c5 Bc4 e6 d3 d5 exd5 exd5 Bb3 Nf6,10,white,0.25,0.0,0.75,20
331,d4 d5 c4 Nc6 cxd5 Qxd5 Nf3 e5 Nc3 Bb4,10,white,0.6666666666666666,0.06666666666666667,0.26666666666666666,15
333,e4 e5 Qh5 Nc6 Bc4 g6 Qf3 Nf6 c3 d6,10,white,0.5675675675675675,0.0,0.43243243243243246,37
334,e4 d5 exd5 Qxd5 Nc3 Qe6+ Be2 Qg6 Bf3 Nc6,10,white,0.6875,0.0625,0.25,16
335,e4 e5 Nf3 Nc6 Bb5 a6 Bxc6 dxc6 Nxe5 Qd4 Nf3 Qxe4+ Qe2 Qxe2+ Kxe2 Bg4,16,white,0.3,0.06666666666666667,0.6333333333333333,60
336,e4 e6 d4 d5 Nc3 Nf6 Bg5 Bb4 e5 h6,10,white,0.6774193548387096,0.03225806451612903,0.2903225806451613,31
338,e4 e5 Nf3 Nc6 d4 exd4 Nxd4 Nxd4 Qxd4 Nf6 Nc3 b6,12,white,0.7058823529411765,0.058823529411764705,0.23529411764705882,17
339,e4 c5 Nf3 g6 c3 Bg7 d4 cxd4 cxd4 d6 Nc3 Nf6,12,white,0.6923076923076923,0.07692307692307693,0.23076923076923078,13
340,e4 c5 d4 cxd4 Qxd4 Nc6 Qd1 e5 Nf3 Nf6,10,white,0.38461538461538464,0.07692307692307693,0.5384615384615384,13
342,e4 c5 Nf3 Nc6 d4 cxd4 Nxd4 e5 Nb5 a6 Nd6+ Bxd6 Qxd6 Qe7,14,white,0.4411764705882353,0.058823529411764705,0.5,34
344,e4 c5 Nf3 d6 Bb5+ Bd7 Bxd7+ Nxd7 d4 cxd4,10,white,0.21052631578947367,0.05263157894736842,0.7368421052631579,19
345,e4 Nf6 e5 Nd5 d4 d6 c4 Nb6 f4 dxe5 fxe5 Nc6,12,white,0.3333333333333333,0.08333333333333333,0.5833333333333334,12
346,e4 e5 Nf3 Nc6 Bc4 Nf6 Nc3 Bc5 d3 d6,10,white,0.75,0.0,0.25,16
348,e4 e5 Nf3 Nc6 d4 exd4 Nxd4 Nf6 Nc3 Bc5,10,white,0.42857142857142855,0.0,0.5714285714285714,14
349,e4 d5 e5 c5 c3 a6 d4 cxd4 cxd4 Nc6,10,white,0.4166666666666667,0.0,0.5833333333333334,12
350,e4 e5 Nf3 Nc6 Bc4 Nf6 d3 Bc5 Bg5 O-O,10,white,0.6666666666666666,0.0,0.3333333333333333,12
353,e4 e5 Nf3 Nc6 Bc4 Nf6 Ng5 d5 exd5 Nxd5 Nxf7 Kxf7,12,white,0.7054263565891473,0.023255813953488372,0.2713178294573643,129
355,d4 e6 Nf3 d5 g3 Nf6 Bg2 c5 O-O cxd4 Nxd4 Nc6 Nxc6 bxc6,14,white,0.7647058823529411,0.0,0.23529411764705882,17
356,e4 e5 Nf3 d6 d4 exd4 Nxd4 Nf6 Bg5 Be7,10,white,0.5128205128205128,0.05128205128205128,0.4358974358974359,39
357,e4 c5 Nf3 e6 d4 d5 exd5 exd5 Bb5+ Nc6,10,white,0.45,0.0,0.55,20
358,d4 d5 c4 dxc4 e3 b5 a4 Ba6 axb5 Bxb5,10,white,0.75,0.0,0.25,12
360,e4 c5 c3 Nc6 d4 cxd4 cxd4 d5 e5 e6,10,white,0.41379310344827586,0.06896551724137931,0.5172413793103449,29
361,e4 e5 Nf3 Nc6 d4 exd4 Nxd4 Nxd4 Qxd4 d6 e5 dxe5,12,white,0.35294117647058826,0.058823529411764705,0.5882352941176471,17
362,e4 e5 Nf3 Nc6 Bc4 Nf6 Ng5 d5 exd5 Nxd5 d3 Be7,12,white,0.5384615384615384,0.07692307692307693,0.38461538461538464,13
363,d4 d5 c4 e6 Nc3 Nf6 Bg5 Be7 Nf3 O-O e3 Nbd7,12,white,0.5,0.08333333333333333,0.4166666666666667,12
364,e4 e5 Nf3 d6 Bc4 Bg4 h3 Bh5 Nc3 Nf6,10,white,0.3333333333333333,0.08333333333333333,0.5833333333333334,12
365,e4 Nc6 Nf3 e5 Bc4 Nf6 Ng5 d5 exd5 Na5 Bb5+ c6 dxc6 bxc6,14,white,0.5,0.0,0.5,30
366,e4 Nc6 Nf3 e5 Bc4 Nf6 Nc3 Nxe4 Nxe4 d5,10,white,0.5384615384615384,0.0,0.46153846153846156,13
368,e4 e5 f4 exf4 Nf3 Be7 Bc4 Bh4+ g3 fxg3,10,white,0.5454545454545454,0.0,0.45454545454545453,22
369,e4 e5 f4 exf4 Nf3 d6 Bc4 Be6 Bxe6 fxe6,10,white,0.5789473684210527,0.05263157894736842,0.3684210526315789,19
370,e4 d6 Nf3 Nf6 Nc3 g6 d4 Bg7 Bd3 O-O,10,white,0.5789473684210527,0.0,0.42105263157894735,19
371,e4 d5 exd5 Qxd5 Nc3 Qe6+ Be2 Nf6 Nf3 g6 O-O Bg7,12,white,0.4,0.13333333333333333,0.4666666666666667,15
372,d4 d5 c4 e6 Nc3 Nf6 e3 Be7 Nf3 O-O,10,white,0.5789473684210527,0.05263157894736842,0.3684210526315789,19
373,d4 c5 d5 e6 c4 Nf6 Nc3 exd5 cxd5 d6 e4 g6,12,white,0.5,0.0,0.5,12
374,e4 e5 Bc4 Nf6 Nc3 c6 d3 d5 exd5 cxd5,10,white,0.6363636363636364,0.0,0.36363636363636365,22
375,e4 b6 d4 Bb7 Nc3 e6 Nf3 Bb4 Bd2 Bxc3,10,white,0.4090909090909091,0.0,0.5909090909090909,22
376,e4 c6 Nf3 d5 e5 Bg4 d4 e6 h3 Bh5,10,white,0.3888888888888889,0.0,0.6111111111111112,18
378,e4 c5 Nf3 Nc6 d4 cxd4 Nxd4 a6 Nc3 e6,10,white,0.5625,0.0,0.4375,16
379,e4 e5 Nf3 f6 Nxe5 fxe5 Qh5+ Ke7 Qxe5+ Kf7 Bc4+ Kg6,12,white,0.8125,0.0,0.1875,16
380,e4 e5 Nf3 d6 d4 exd4 Nxd4 Be7 Nc3 c6,10,white,0.6923076923076923,0.0,0.3076923076923077,13
381,e4 e5 Nf3 d6 Bc4 h6 Nc3 Nf6 d4 exd4,10,white,0.25,0.0625,0.6875,16
382,d4 d5 c4 c6 e3 Nf6 Nc3 Bf5 Nf3 e6,10,white,0.6153846153846154,0.07692307692307693,0.3076923076923077,13
383,e4 e5 Nf3 d6 d4 exd4 Nxd4 Nf6 Nc3 Nbd7,10,white,0.5294117647058824,0.0,0.47058823529411764,17
386,e4 e6 Nf3 d5 exd5 exd5 d4 Nf6 h3 Be7,10,white,0.5454545454545454,0.0,0.45454545454545453,22
387,e4 c5 Nf3 Nc6 Bb5 e6 Bxc6 bxc6 O-O d5,10,white,0.6111111111111112,0.1111111111111111,0.2777777777777778,18
388,e4 e5 Qh5 Nc6 Bc4 g6 Qf3 Nf6 d3 Nd4 Qd1 Bc5,12,white,0.6153846153846154,0.0,0.38461538461538464,13
389,e4 e6 Nc3 d5 exd5 exd5 d4 Nf6 Nf3 Bd6,10,white,0.4166666666666667,0.08333333333333333,0.5,12
390,e4 c6 Nf3 d5 exd5 cxd5 Bb5+ Bd7 Bxd7+ Nxd7,10,white,0.5135135135135135,0.02702702702702703,0.4594594594594595,37
391,Nc3 e5 Nf3 Nc6 d4 exd4 Nxd4 Nxd4 Qxd4 Nf6,10,white,0.7142857142857143,0.0,0.2857142857142857,14
392,d4 d5 c4 dxc4 e4 Nc6 d5 Ne5 Bxc4 Nxc4,10,white,0.35714285714285715,0.2857142857142857,0.35714285714285715,14
394,e4 e5 Nf3 Nc6 d4 exd4 Nxd4 d6 Bb5 Bd7,10,white,0.47368421052631576,0.0,0.5263157894736842,19
395,e4 e5 Nf3 Nc6 Bb5 Bc5 c3 Nf6 O-O O-O,10,white,0.6111111111111112,0.0,0.3888888888888889,18
397,d4 c5 d5 e6 c4 exd5 cxd5 d6 Nc3 Nf6 Nf3 Be7,12,white,0.5714285714285714,0.0,0.42857142857142855,14
400,d4 Nf6 c4 e5 dxe5 Ng4 Nf3 Nc6 Bf4 Bb4+ Nc3 Qe7,12,white,0.6666666666666666,0.0,0.3333333333333333,15
401,e4 d5 exd5 Qxd5 Nc3 Qe6+ Be2 Qg6 Bf3 c6,10,white,0.7,0.0,0.3,30
402,e4 e5 Nf3 d6 Bc4 Bg4 Nc3 Bxf3 Qxf3 Nf6,10,white,0.6,0.06666666666666667,0.3333333333333333,15
403,e4 e5 Nf3 Nc6 Bc4 Bc5 O-O d6 h3 Nf6,10,white,0.4375,0.0,0.5625,16
404,e4 c5 d4 cxd4 Qxd4 Nc6 Qa4 d6 Bb5 Bd7,10,white,0.21428571428571427,0.0,0.7857142857142857,14
405,e4 c6 d4 d5 Nc3 dxe4 Nxe4 Bf5 Ng3 Bg6 h4 h6 Nf3 Nd7 h5 Bh7 Bd3 Bxd3,18,white,0.5,0.0,0.5,12
406,e4 e5 Nf3 Nc6 Bb5 a6 Bxc6 dxc6 d3 Bd6 O-O Nf6,12,white,0.35714285714285715,0.07142857142857142,0.5714285714285714,14
407,e4 c5 Bc4 e6 Nc3 a6 a3 b5 Ba2 Bb7,10,white,0.6153846153846154,0.0,0.38461538461538464,13
408,e4 c5 Nf3 Nc6 d4 cxd4 Nxd4 g6 Bc4 Bg7,10,white,0.42105263157894735,0.0,0.5789473684210527,19
409,e4 e5 Nf3 Nc6 d4 exd4 Nxd4 Nxd4 Qxd4 d6 Bc4 Nf6 Bg5 Be7,14,white,0.5333333333333333,0.13333333333333333,0.3333333333333333,15
411,e4 d5 exd5 Qxd5 Nc3 Qa5 Nf3 Nf6 Be2 Bg4,10,white,0.48148148148148145,0.0,0.5185185185185185,27
413,e4 e5 Nf3 Nc6 Bc4 Be7 d4 exd4 Nxd4 d6,10,white,0.38461538461538464,0.15384615384615385,0.46153846153846156,13
414,e4 Nc6 Nf3 e5 Nc3 Nf6 Bc4 Nxe4 Bxf7+ Kxf7,10,white,0.42857142857142855,0.0,0.5714285714285714,14
416,e4 e5 Nf3 d6 d4 Nd7 dxe5 dxe5 Bc4 h6,10,white,0.5714285714285714,0.0,0.42857142857142855,14
417,e4 e5 Nf3 Nc6 Bb5 Bc5 Bxc6 dxc6 Nxe5 Qd4 Nd3 Qxe4+ Qe2 Qxe2+,14,white,0.26666666666666666,0.0,0.7333333333333333,15
418,e4 e5 Nf3 Nc6 Bc4 Nf6 Nc3 Bc5 O-O O-O,10,white,0.5,0.03571428571428571,0.4642857142857143,28
419,Nf3 Nf6 d4 g6 c4 Bg7 Nc3 O-O e4 d6 Be2 e5 O-O Nc6 d5 Ne7,16,white,0.625,0.125,0.25,16
420,e4 c6 Bc4 d5 exd5 cxd5 Bb5+ Bd7 Bxd7+ Nxd7,10,white,0.44,0.04,0.52,50
421,e4 c6 d4 d5 Nd2 dxe4 Nxe4 Bf5 Ng3 Bg6,10,white,0.4782608695652174,0.08695652173913043,0.43478260869565216,23
422,e4 e6 Nf3 d5 exd5 exd5 d4 Nf6 Nc3 Bb4,10,white,0.35714285714285715,0.03571428571428571,0.6071428571428571,28
423,d4 e6 Nf3 d5 g3 Nf6 Bg2 c5 e3 cxd4,10,white,0.75,0.05,0.2,20
424,e4 c5 Nf3 Nc6 Nc3 e6 d4 cxd4 Nxd4 Nf6,10,white,0.3333333333333333,0.041666666666666664,0.625,24
425,e4 c5 Nf3 Nc6 d4 cxd4 Nxd4 e5 Nb3 Nf6 Nc3 Bb4,12,white,0.47058823529411764,0.029411764705882353,0.5,34
426,e4 e5 Nf3 Nc6 Bc4 Bc5 O-O d6 c3 Nf6 d4 exd4,12,white,0.5833333333333334,0.0,0.4166666666666667,12
427,d4 d5 c4 c6 Nc3 Nf6 Nf3 e6 Bg5 Nbd7,10,white,0.5263157894736842,0.05263157894736842,0.42105263157894735,19
428,e4 e5 Nf3 Nc6 d4 exd4 Nxd4 Bb4+ c3 Bc5,10,white,0.32142857142857145,0.10714285714285714,0.5714285714285714,28
429,d4 d5 e4 dxe4 Nc3 Nf6 f3 exf3 Nxf3 e6,10,white,0.68,0.0,0.32,25
430,e4 e5 f4 d6 Nf3 Nc6 Bc4 Bg4 O-O Nf6,10,white,0.5833333333333334,0.0,0.4166666666666667,12
431,e4 c5 Nf3 Nc6 d4 cxd4 Nxd4 e5 Nb5 d6 c4 a6,12,white,0.6,0.0,0.4,35
432,e4 d5 exd5 Nf6 Nc3 Nxd5 Nxd5 Qxd5 Nf3 Nc6,10,white,0.34615384615384615,0.11538461538461539,0.5384615384615384,26
433,d4 d5 Nf3 Nf6 g3 e6 Bg2 Be7 O-O O-O,10,white,0.375,0.0,0.625,16
434,d4 d5 c4 dxc4 e3 b5 a4 c6 axb5 cxb5,10,white,0.7375,0.025,0.2375,80
435,e4 e5 Nf3 Qf6 d4 exd4 Nxd4 Bc5 Be3 Nc6,10,white,0.4375,0.0,0.5625,16
436,e4 c5 Nf3 Nc6 d4 cxd4 Nxd4 e5 Nf3 Nf6,10,white,0.4186046511627907,0.023255813953488372,0.5581395348837209,43
437,e4 d6 d4 Nf6 Nc3 g6 f4 Bg7 Nf3 O-O,10,white,0.6296296296296297,0.0,0.37037037037037035,27
438,e4 e5 Nf3 Nc6 Bb5 a6 Ba4 Nf6 O-O b5 Bb3 Be7,12,white,0.4578313253012048,0.0,0.5421686746987951,83
439,d4 d5 Nc3 e6 a3 Nf6 Bf4 Bd6 Qd2 O-O,10,white,0.5384615384615384,0.07692307692307693,0.38461538461538464,13
440,d4 e6 c4 d5 Nc3 Nf6 Nf3 c5 Bg5 Be7,10,white,0.5,0.16666666666666666,0.3333333333333333,12
441,e4 e5 Nf3 Nc6 Bb5 a6 Bxc6 dxc6 h3 Nf6,10,white,0.6666666666666666,0.06666666666666667,0.26666666666666666,15
443,e4 c6 Nf3 d5 exd5 cxd5 d4 Nc6 c4 Nf6,10,white,0.375,0.041666666666666664,0.5833333333333334,24
444,e4 e5 Nf3 Nc6 Bc4 Nf6 Ng5 d5 exd5 Na5 Qe2 Nxc4,12,white,0.3333333333333333,0.0,0.6666666666666666,12
445,e4 e5 Nf3 Nc6 Bb5 d6 Bxc6+ bxc6 d4 Nf6,10,white,0.6923076923076923,0.0,0.3076923076923077,13
446,e4 e5 Nf3 Nc6 Bc4 Nf6 Nc3 Bb4 d3 Bxc3+ bxc3 d5,12,white,0.7692307692307693,0.07692307692307693,0.15384615384615385,13
447,e4 c6 d4 d5 e5 Bf5 Bd3 Bxd3 Qxd3 e6 Nf3 Ne7,12,white,0.375,0.125,0.5,16
448,e4 e6 Nf3 d5 exd5 exd5 d4 Nf6 c4 Bd6,10,white,0.5263157894736842,0.05263157894736842,0.42105263157894735,19
449,e4 c5 Bc4 e6 d3 d5 exd5 exd5 Bb5+ Bd7,10,white,0.42857142857142855,0.07142857142857142,0.5,14
450,e4 e5 Nf3 Nc6 d4 exd4 Bc4 Bc5 c3 dxc3 Bxf7+ Kxf7 Qd5+ Ke8,14,white,0.6,0.04,0.36,25
451,e4 e5 Nf3 Nc6 Bb5 a6 Ba4 b5 Bb3 Nf6 O-O Be7,12,white,0.52,0.08,0.4,25
452,e4 e5 Nf3 d6 d4 exd4 Nxd4 Nc6 Nxc6 bxc6,10,white,0.48148148148148145,0.037037037037037035,0.48148148148148145,27
453,d4 b6 c4 Bb7 Nc3 e6 e4 Bb4 d5 Bxc3+,10,white,0.38461538461538464,0.07692307692307693,0.5384615384615384,13
454,e4 e5 Nf3 Qf6 Nc3 c6 d4 exd4 Nxd4 Bc5 Be3 d6,12,white,0.5,0.16666666666666666,0.3333333333333333,12
455,e4 d5 exd5 Qxd5 Nc3 Qd8 d4 Nf6 Nf3 Bg4,10,white,0.5384615384615384,0.0,0.46153846153846156,13
458,d4 b6 c4 Bb7 Nc3 e6 Nf3 Bb4 Bd2 Bxc3,10,white,0.6875,0.0,0.3125,16
459,e4 c5 Nf3 d6 Bb5+ Bd7 Bxd7+ Qxd7 O-O Nc6 d4 cxd4,12,white,0.4,0.0,0.6,15
460,e4 e5 Nf3 d6 d4 Bg4 dxe5 Bxf3 Qxf3 dxe5 Bc4 Nf6,12,white,0.6538461538461539,0.01282051282051282,0.3333333333333333,78
461,e4 e5 Nf3 d6 d4 Bg4 h3 Bxf3 Qxf3 exd4,10,white,0.4666666666666667,0.0,0.5333333333333333,15
462,e4 e5 Nf3 Nc6 d4 exd4 Bc4 h6 O-O Bc5,10,white,0.5,0.0,0.5,12
463,e4 c6 Nf3 d5 exd5 cxd5 d4 Bg4 Be2 Nf6,10,white,0.35714285714285715,0.0,0.6428571428571429,14
464,e4 c5 Nf3 Nc6 d4 cxd4 Nxd4 Nf6 Nc3 e6 Be3 Bb4,12,white,0.52,0.04,0.44,25
465,e4 e5 Nf3 f6 Nxe5 fxe5 Qh5+ Ke7 Qxe5+ Kf7 Bc4+ Kg6 Qf5+ Kh6,14,white,0.875,0.0,0.125,16
466,e4 e5 Nf3 Nc6 Bb5 d6 d4 exd4 Nxd4 Bd7 O-O Nxd4,12,white,0.5714285714285714,0.0,0.42857142857142855,14
467,e4 c5 Nf3 Nc6 d4 cxd4 Nxd4 Nf6 Nc3 e5 Ndb5 d6,12,white,0.5925925925925926,0.0,0.4074074074074074,27
468,e4 e5 Nf3 Nc6 Bb5 Bc5 Bxc6 dxc6 d3 Bg4,10,white,0.5,0.05,0.45,20
469,e4 e5 Nf3 Nc6 Bc4 Bc5 b4 Bxb4 c3 Ba5 d4 exd4,12,white,0.6666666666666666,0.0,0.3333333333333333,18
470,e4 e5 Nf3 Nc6 Bc4 Nf6 d3 Be7 Ng5 O-O,10,white,0.3333333333333333,0.08333333333333333,0.5833333333333334,12
471,e4 e5 Nf3 Nc6 Bb5 a6 Bxc6 dxc6 O-O f6,10,white,0.3404255319148936,0.02127659574468085,0.6382978723404256,47
472,e4 c5 Nf3 e6 d4 cxd4 Nxd4 Nc6 Nc3 a6,10,white,0.5384615384615384,0.0,0.46153846153846156,13
473,e4 e5 f4 d6 Nf3 Nc6 Bc4 Be6 Bxe6 fxe6,10,white,0.75,0.05,0.2,20
474,e4 e5 Nf3 Nc6 d4 exd4 Nxd4 Nf6 Nxc6 bxc6 Nc3 Bb4,12,white,0.16666666666666666,0.05555555555555555,0.7777777777777778,18
475,e4 e6 Nf3 c5 d4 cxd4 Nxd4 Nc6 Nxc6 bxc6,10,white,0.25,0.0,0.75,12
476,e4 e5 d4 Nc6 d5 Nd4 c3 Bc5 cxd4 Bxd4,10,white,0.9230769230769231,0.0,0.07692307692307693,13
477,e4 e5 Nf3 Nc6 Bb5 d6 d4 a6 Ba4 b5,10,white,0.375,0.125,0.5,16
478,e4 e5 Nf3 Nc6 Bc4 Nf6 Ng5 d5 exd5 b5,10,white,0.5,0.0,0.5,18
480,e4 e5 f4 exf4 Nf3 d6 Bc4 Be7 O-O Nf6,10,white,0.5789473684210527,0.10526315789473684,0.3157894736842105,19
481,e4 e5 Nf3 Nc6 Bc4 Nf6 Ng5 Qe7 Nxf7 Rg8,10,white,0.6666666666666666,0.0,0.3333333333333333,12
482,e4 e5 Nf3 Nc6 d4 exd4 Nxd4 Nxd4 Qxd4 d6 Bc4 Nf6,12,white,0.5952380952380952,0.09523809523809523,0.30952380952380953,42
483,e4 c5 Nf3 Nc6 d4 cxd4 Nxd4 Nf6 Nc3 e5 Nxc6 bxc6,12,white,0.4,0.0,0.6,15
484,e4 e5 Nf3 d6 Bc4 Bg4 h3 Bh5 g4 Bg6 d3 h6,12,white,0.6190476190476191,0.14285714285714285,0.23809523809523808,21
485,e4 e5 Nf3 Nf6 Nxe5 d6 Nf3 Nxe4 Qe2 Qe7 d3 Nf6 Bg5 Qxe2+,14,white,0.5217391304347826,0.043478260869565216,0.43478260869565216,23
486,d4 e5 dxe5 Nc6 Nf3 Qe7 Bf4 Qb4+ Bd2 Qxb2,10,white,0.55,0.0,0.45,20
487,e4 Nc6 d4 e5 d5 Nce7 c4 Ng6 Nf3 Bc5,10,white,0.3076923076923077,0.0,0.6923076923076923,13
488,e4 e5 Nf3 Nc6 Bc4 Bc5 c3 Nf6 d4 exd4 cxd4 Bb4+ Nc3 Nxe4,14,white,0.4246575342465753,0.0684931506849315,0.5068493150684932,73
489,e4 c5 Nf3 Nc6 d4 cxd4 Nxd4 e6 Nc3 Nf6,10,white,0.5714285714285714,0.07142857142857142,0.35714285714285715,14
490,e4 b6 Nf3 Bb7 Nc3 e6 d4 Bb4 Bd3 Nf6 e5 Nd5 Bd2 Nxc3 bxc3 Be7,16,white,0.4117647058823529,0.058823529411764705,0.5294117647058824,17
492,e4 e5 Nf3 Nc6 Bb5 a6 Ba4 Nf6 O-O Be7 Re1 b5 Bb3 d6 c3 O-O,16,white,0.2727272727272727,0.045454545454545456,0.6818181818181818,22
493,e4 e5 Nf3 Nc6 Bc4 Bc5 c3 d6 d4 exd4 cxd4 Bb4+ Bd2 Bxd2+,14,white,0.5,0.0,0.5,22
495,e4 e5 Nf3 Nc6 d4 exd4 Nxd4 Bc5 c3 Qf6,10,white,0.4090909090909091,0.045454545454545456,0.5454545454545454,22
496,e4 e5 Nf3 Nc6 Bc4 Nf6 Ng5 d5 exd5 Na5 Bb5+ c6 dxc6 bxc6 Ba4 h6 Nf3 e4,18,white,0.14285714285714285,0.047619047619047616,0.8095238095238095,21
497,e4 e5 Nf3 d6 d4 exd4 Nxd4 Nf6 Nc3 Bd7 Bg5 Be7,12,white,0.38461538461538464,0.0,0.6153846153846154,13
498,e4 e5 Nf3 Nf6 Nxe5 Qe7 d4 d6 Nf3 Nxe4,10,white,0.62,0.04,0.34,50
499,d4 Nf6 c4 g6 Nc3 Bg7 Nf3 O-O e4 d6,10,white,0.42857142857142855,0.09523809523809523,0.47619047619047616,21
500,e4 e5 Nf3 d6 d3 Bg4 Be2 Bxf3 Bxf3 Nf6,10,white,0.5714285714285714,0.0,0.42857142857142855,14
502,e4 c5 Nf3 Nc6 d4 cxd4 Nxd4 Nf6 Nc3 e6,10,white,0.43636363636363634,0.03636363636363636,0.5272727272727272,110
503,e4 e5 Nf3 Nf6 Nc3 Nc6 d4 exd4 Nxd4 Nxd4,10,white,0.575,0.025,0.4,40
505,e4 e5 Bc4 Nc6 Nf3 Bc5 d3 Nf6 Ng5 O-O,10,white,0.46153846153846156,0.0,0.5384615384615384,13
507,e4 e5 Nf3 Nc6 Bc4 Nf6 d4 exd4 O-O Nxe4,10,white,0.4666666666666667,0.0,0.5333333333333333,15
508,e4 c6 Nf3 d5 exd5 cxd5 d4 Nc6 c4 dxc4,10,white,0.631578947368421,0.0,0.3684210526315789,19
509,e4 e5 f4 exf4 Nf3 g5 Bc4 Bg7 O-O h6 d4 d6,12,white,0.15384615384615385,0.0,0.8461538461538461,13
510,d4 Nf6 c4 g6 Nc3 d5 cxd5 Nxd5 e4 Nxc3 bxc3 Bg7 Bc4 c5 Ne2 O-O O-O Nc6,18,white,0.4166666666666667,0.0,0.5833333333333334,12
513,d4 Nf6 c4 g6 Nc3 d5 cxd5 Nxd5 e4 Nxc3 bxc3 Bg7 Nf3 c5,14,white,0.47058823529411764,0.0,0.5294117647058824,17
514,e4 e5 Nf3 Nc6 Bb5 d6 h3 Bd7 c3 a6 Ba4 Nf6,12,white,0.5555555555555556,0.0,0.4444444444444444,18
515,d4 d5 Nf3 c6 e3 Nf6 Bd3 Bg4 c3 e6 O-O Bd6,12,white,0.16666666666666666,0.08333333333333333,0.75,12
516,d4 d5 c4 e6 Nc3 Nf6 Nf3 Be7 Bg5 O-O,10,white,0.5925925925925926,0.07407407407407407,0.3333333333333333,54
517,e4 e6 Nf3 d5 e5 c5 d4 Nc6 Bb5 Bd7,10,white,0.25925925925925924,0.0,0.7407407407407407,27
518,e4 e5 Nf3 Nc6 Bb5 d6 Bxc6+ bxc6 Nc3 Nf6,10,white,0.40625,0.0625,0.53125,32
519,e4 e5 Nf3 Nc6 Bc4 Nf6 Ng5 d5 exd5 Nxd5 Qf3 Be6 Nxe6 fxe6,14,white,0.5833333333333334,0.0,0.4166666666666667,24
520,e4 c5 Nf3 Nc6 d4 cxd4 Nxd4 g6 Be3 Bg7,10,white,0.44,0.06,0.5,50
521,e4 e5 Nf3 Nc6 Bc4 Bc5 c3 d6 d4 exd4 cxd4 Bb6,12,white,0.574468085106383,0.02127659574468085,0.40425531914893614,47
522,e4 e5 Nf3 Nc6 d4 d5 dxe5 dxe4 Qxd8+ Nxd8,10,white,0.5652173913043478,0.0,0.43478260869565216,23
524,e4 e5 Nf3 Nc6 Bb5 Nge7 d3 a6 Ba4 b5,10,white,0.5,0.0,0.5,12
525,d4 d5 e4 dxe4 Nc3 Nf6 f3 exf3 Nxf3 Bg4,10,white,0.5,0.03125,0.46875,32
526,d4 d5 c4 e6 Nc3 Nf6 Nf3 b6 Bg5 Be7,10,white,0.5,0.08333333333333333,0.4166666666666667,12
527,e4 e5 Nf3 Nc6 Bb5 d6 h3 Bd7 O-O Nf6 Re1 Be7,12,white,0.44,0.12,0.44,25
528,e4 e5 Nf3 Nc6 Nc3 Bc5 Nxe5 Nxe5 d4 Bxd4 Qxd4 d6,12,white,0.64,0.0,0.36,25
529,e4 e5 Nf3 Nc6 Bb5 Nge7 c3 a6 Ba4 b5,10,white,0.68,0.0,0.32,25
530,e4 e5 Nf3 f6 Nxe5 fxe5 Qh5+ g6 Qxe5+ Qe7,10,white,0.65,0.1,0.25,20
531,b3 e5 Bb2 Nc6 e3 d5 Bb5 Bd7 Bxc6 Bxc6,10,white,0.35714285714285715,0.07142857142857142,0.5714285714285714,14
532,e4 e5 Nf3 Nc6 Bc4 Nf6 Ng5 d5 exd5 Na5,10,white,0.4080717488789238,0.03587443946188341,0.5560538116591929,223
533,e4 d5 exd5 Nf6 c4 c6 Nc3 cxd5 cxd5 Nxd5 Nxd5 Qxd5,12,white,0.4166666666666667,0.0,0.5833333333333334,12
534,e4 e5 Qh5 Nc6 Bc4 g6 Qf3 Nf6 Ne2 d6,10,white,0.5384615384615384,0.07692307692307693,0.38461538461538464,13
535,e4 e5 Nf3 Nc6 d4 d6 dxe5 Nxe5 Nxe5 dxe5 Qxd8+ Kxd8 Bc4 Be6,14,white,0.7857142857142857,0.07142857142857142,0.14285714285714285,14
536,e4 e5 f4 exf4 Nf3 d5 exd5 Qxd5 Nc3 Qe6+ Qe2 Qxe2+,12,white,0.75,0.08333333333333333,0.16666666666666666,12
538,e4 e5 Nf3 Nc6 Bb5 Nf6 Bxc6 dxc6 d3 Bd6,10,white,0.4,0.0,0.6,25
540,c4 e6 Nc3 d5 cxd5 exd5 g3 Nf6 Bg2 c6,10,white,0.16666666666666666,0.08333333333333333,0.75,12
541,e4 e5 Bc4 Nf6 d3 d5 exd5 Nxd5 Qf3 Be6,10,white,0.4791666666666667,0.041666666666666664,0.4791666666666667,48
542,e4 e6 Nf3 d5 exd5 exd5 d4 Nf6 Nc3 Be7 Bg5 O-O,12,white,0.2631578947368421,0.15789473684210525,0.5789473684210527,19
543,e4 c5 Nf3 Nc6 Bb5 d6 d4 cxd4 Qxd4 Bd7,10,white,0.6666666666666666,0.08333333333333333,0.25,12
545,d4 c5 c4 cxd4 Qxd4 Nc6 Qd1 e5 Nc3 Nf6,10,white,0.7222222222222222,0.0,0.2777777777777778,18
546,e4 e6 Nf3 d5 exd5 exd5 d4 Bd6 Nc3 c6,10,white,0.36363636363636365,0.0,0.6363636363636364,22
547,e4 e5 Nf3 Nc6 Bc4 h6 d4 exd4 Nxd4 Nf6,10,white,0.625,0.05,0.325,40
548,d4 Nf6 c4 g6 Nc3 Bg7 e4 O-O Nf3 d6,10,white,0.6875,0.0,0.3125,16
550,e4 d5 exd5 Qxd5 Nc3 Qa5 Nf3 Nf6 d4 Bg4,10,white,0.6,0.12,0.28,25
553,e4 e5 Nf3 Nc6 Bb5 a6 Bxc6 bxc6 Nxe5 Qe7,10,white,0.38235294117647056,0.058823529411764705,0.5588235294117647,34
554,e4 d5 exd5 Qxd5 Nf3 Bg4 Be2 Nc6 O-O O-O-O,10,white,0.38461538461538464,0.07692307692307693,0.5384615384615384,13
556,e4 e5 Nf3 Nc6 Bc4 Bc5 d3 d6 Ng5 Nh6,10,white,0.2978723404255319,0.0,0.7021276595744681,47
557,e4 e5 Nf3 Nc6 Bc4 Bc5 d3 Nf6 Ng5 d5,10,white,0.7222222222222222,0.0,0.2777777777777778,18
558,e4 e5 Nf3 Nc6 Bc4 Bc5 c3 a6 d4 exd4,10,white,0.6538461538461539,0.0,0.34615384615384615,26
559,e4 d5 exd5 Qxd5 Nc3 Qa5 Nf3 Nf6 Be2 Bg4 O-O Nc6 d3 O-O-O,14,white,0.6153846153846154,0.0,0.38461538461538464,13
560,e4 e5 Qh5 d6 Bc4 g6 Qf3 Qf6 Qxf6 Nxf6,10,white,0.38461538461538464,0.15384615384615385,0.46153846153846156,13
561,e4 b6 d4 Bb7 d5 e6 c4 exd5 cxd5 Nf6,10,white,0.47368421052631576,0.0,0.5263157894736842,19
562,e4 c6 d4 d5 Nc3 dxe4 Nxe4 Bf5 Ng3 Bg6 h4 h6 h5 Bh7,14,white,0.5769230769230769,0.038461538461538464,0.38461538461538464,26
563,e4 e5 Nf3 d6 Bc4 Bg4 Nc3 c6 h3 Bh5,10,white,0.5,0.0,0.5,22
564,e4 e5 Nf3 Nc6 Bc4 Nf6 Ng5 d5 exd5 Nxd5 Qf3 Qxg5,12,white,0.5142857142857142,0.02857142857142857,0.45714285714285713,35
565,e4 e5 Bc4 Bc5 Qh5 Qf6 Nf3 g6 Qxe5+ Qxe5,10,white,0.7333333333333333,0.0,0.26666666666666666,15
567,e4 e5 Nf3 Nc6 Bb5 a6 Ba4 Nf6 d3 b5 Bb3 Be7,12,white,0.5714285714285714,0.09523809523809523,0.3333333333333333,21
568,e4 c6 Nf3 d5 exd5 cxd5 d4 Nc6 Bd3 Bg4,10,white,0.4,0.0,0.6,25
569,e4 c5 Nf3 Nc6 c3 e5 d4 cxd4 cxd4 exd4,10,white,0.4074074074074074,0.0,0.5925925925925926,27
571,e4 e5 Nf3 d6 d4 exd4 Nxd4 Nf6 Nc3 Be7 Bc4 O-O,12,white,0.4925373134328358,0.029850746268656716,0.47761194029850745,67
572,d4 d5 Nf3 Nc6 g3 f6 Bg2 e5 dxe5 fxe5,10,white,0.5,0.0,0.5,18
573,d4 d5 c4 e6 Nc3 c6 Nf3 Nf6 Bg5 Be7,10,white,0.6153846153846154,0.0,0.38461538461538464,13
574,e4 c5 Nf3 e6 Nc3 a6 d4 cxd4 Nxd4 Qc7,10,white,0.3181818181818182,0.0,0.6818181818181818,22
575,e4 e5 Bc4 Nf6 d3 d5 exd5 Nxd5 Qh5 Nc6,10,white,0.4166666666666667,0.08333333333333333,0.5,12
576,e4 e5 Nf3 Nc6 Bc4 Bc5 Nc3 Nf6 d3 O-O Bg5 h6,12,white,0.38461538461538464,0.0,0.6153846153846154,13
578,e4 e5 Nf3 d6 d4 exd4 Nxd4 g6 Nc3 Bg7,10,white,0.5333333333333333,0.0,0.4666666666666667,15
579,e4 Nc6 Nf3 e5 Nc3 Nf6 d4 exd4 Nxd4 Bb4,10,white,0.4444444444444444,0.0,0.5555555555555556,18
581,e4 e6 d4 d5 Nc3 dxe4 Nxe4 Nf6 Bg5 Be7,10,white,0.45,0.075,0.475,40
582,e4 e5 Nf3 Nc6 d4 exd4 Bc4 Bc5 c3 Nf6,10,white,0.3684210526315789,0.05263157894736842,0.5789473684210527,38
583,e4 e5 Nf3 Nc6 d4 exd4 Nxd4 Nf6 Nxc6 bxc6,10,white,0.323943661971831,0.04929577464788732,0.6267605633802817,142
584,e4 e6 Nf3 d5 e5 c5 c3 Nc6 d4 Bd7,10,white,0.42857142857142855,0.0,0.5714285714285714,14
585,e4 e5 Nf3 Nc6 Bc4 Bc5 Nc3 d6 d3 h6,10,white,0.6153846153846154,0.15384615384615385,0.23076923076923078,13
586,e4 e5 Nf3 Nc6 d4 exd4 Bb5 Bc5 O-O Nge7 Ng5 O-O Nxh7 Kxh7,14,white,0.8421052631578947,0.05263157894736842,0.10526315789473684,19
589,e4 d6 d4 Nf6 e5 dxe5 dxe5 Qxd1+ Kxd1 Ng4,10,white,0.2857142857142857,0.07142857142857142,0.6428571428571429,14
591,e4 e5 Nf3 Nc6 Bb5 d6 O-O Bd7 Re1 Nf6,10,white,0.5833333333333334,0.0,0.4166666666666667,12
593,e4 e5 Nf3 Nc6 Bc4 Bc5 d3 Nf6 Ng5 O-O,10,white,0.32673267326732675,0.04950495049504951,0.6237623762376238,101
594,e4 e5 f4 exf4 Nf3 g5 Bc4 Bg7 O-O h6,10,white,0.3157894736842105,0.0,0.6842105263157895,19
595,e4 e5 Nf3 Nc6 Bb5 d6 d4 a6 Bxc6+ bxc6 dxe5 Bg4,12,white,0.6,0.05,0.35,20
596,e4 d5 exd5 Qxd5 Nc3 Qd8 d4 c6 Nf3 e6,10,white,0.6923076923076923,0.07692307692307693,0.23076923076923078,13
598,e4 d5 exd5 Qxd5 Nc3 Qa5 Nf3 Bg4 Be2 Nc6,10,white,0.6666666666666666,0.0,0.3333333333333333,21
599,e4 e5 Nf3 d6 Bc4 Be7 d4 exd4 Nxd4 Nf6,10,white,0.42105263157894735,0.02631578947368421,0.5526315789473685,38
600,d4 d5 c4 e6 Nc3 Nf6 Bg5 Be7 e3 h6,10,white,0.47368421052631576,0.05263157894736842,0.47368421052631576,19
601,e4 e5 Nf3 Nc6 Bc4 Bc5 d3 h6 O-O Nf6,10,white,0.5,0.07142857142857142,0.42857142857142855,28
602,d4 Nf6 c4 e6 Nc3 d5 Nf3 Be7 Bg5 h6 Bh4 O-O Bg3 a6,14,white,0.6666666666666666,0.0,0.3333333333333333,12
603,e4 e5 Nf3 Nc6 Bc4 Nf6 d3 Bc5 Nc3 O-O,10,white,0.42857142857142855,0.07142857142857142,0.5,14
604,e4 d5 exd5 Qxd5 Nc3 Qd8 Nf3 c6 Bc4 e6,10,white,1.0,0.0,0.0,13
605,e4 e5 Nf3 Nf6 Nxe5 d6 Nxf7 Kxf7 Bc4+ Be6,10,white,0.6428571428571429,0.0,0.35714285714285715,14
606,e4 c6 Nf3 d5 exd5 cxd5 d4 e6 Bd3 Nf6,10,white,0.6086956521739131,0.13043478260869565,0.2608695652173913,23
607,e4 e5 Nf3 Nc6 d4 exd4 Bb5 Bc5 O-O Nge7 Ng5 O-O,12,white,0.8095238095238095,0.047619047619047616,0.14285714285714285,21
608,e4 e5 Nf3 Nc6 Bb5 Nd4 Nxd4 exd4 O-O c6 Bc4 Nf6 e5 d5,14,white,0.25,0.0,0.75,16
609,e4 d5 exd5 Nf6 c4 c6 Nc3 cxd5 cxd5 Nxd5,10,white,0.6,0.0,0.4,15
610,e4 d5 exd5 Qxd5 Nc3 Qe6+ Be2 Nc6 Nf3 Qg6 O-O e5,12,white,0.7241379310344828,0.0,0.27586206896551724,29
613,e4 d5 exd5 Qxd5 Nc3 Qe5+ Be2 Bg4 Nf3 Bxf3 gxf3 c6,12,white,0.3181818181818182,0.0,0.6818181818181818,22
616,e4 e6 Nf3 d5 e5 c5 c3 Nc6 d4 cxd4,10,white,0.35714285714285715,0.03571428571428571,0.6071428571428571,28
617,e4 e5 Nf3 Nc6 Bb5 a6 Ba4 Nf6 O-O Nxe4 Re1 Nc5 Bxc6 dxc6,14,white,0.4,0.0,0.6,20
618,e4 Nc6 Nf3 e5 Bb5 f5 Nc3 fxe4 Nxe4 d5 Nxe5 dxe4 Nxc6 Qg5,14,white,0.35714285714285715,0.0,0.6428571428571429,14
619,d4 d5 c4 c6 Nc3 Nf6 Nf3 Bg4 Bg5 e6,10,white,0.3125,0.125,0.5625,16
620,e4 e5 Nf3 Nc6 Bb5 a6 Bxc6 dxc6 Nxe5 Qg5,10,white,0.1875,0.0,0.8125,16
622,e4 e5 Nf3 Nc6 Bb5 d6 Bxc6+ bxc6 d3 Bg4,10,white,0.5641025641025641,0.05128205128205128,0.38461538461538464,39
623,e4 b6 Nf3 Bb7 Nc3 e6 d4 Bb4 Bd3 Ne7,10,white,0.32142857142857145,0.03571428571428571,0.6428571428571429,28
624,e4 c5 d4 cxd4 c3 dxc3 Nxc3 Nc6 Nf3 g6,10,white,0.7222222222222222,0.05555555555555555,0.2222222222222222,18
625,e4 e6 d4 d5 Nd2 Nf6 e5 Nfd7 Bd3 c5 c3 Nc6 Ne2 Qb6,14,white,0.6666666666666666,0.08333333333333333,0.25,12
627,d4 d5 e4 dxe4 Nc3 Nf6 f3 exf3 Qxf3 e6,10,white,0.3548387096774194,0.0,0.6451612903225806,31
628,e4 e5 Nf3 Nc6 Nc3 Bc5 Bb5 Nf6 Bxc6 dxc6,10,white,0.23076923076923078,0.07692307692307693,0.6923076923076923,13
629,e4 e5 Nf3 Nc6 Bb5 a6 Bxc6 dxc6 Nc3 Bg4,10,white,0.4166666666666667,0.0,0.5833333333333334,12
630,d4 d5 c4 Nc6 cxd5 Qxd5 e3 e5 Nc3 Bb4 Bd2 Bxc3 bxc3 exd4 cxd4 Nf6,16,white,0.8717948717948718,0.0,0.1282051282051282,39
631,e4 c6 Nc3 d5 d4 dxe4 Nxe4 Bf5 Ng3 Bg6,10,white,0.35714285714285715,0.0,0.6428571428571429,14
632,Nf3 Nf6 d4 g6 c4 Bg7 Nc3 O-O e4 d6 Be2 e5,12,white,0.6521739130434783,0.08695652173913043,0.2608695652173913,23
633,e4 e5 Qh5 d6 Bc4 g6 Qf3 Nf6 d3 Bg4,10,white,0.5172413793103449,0.0,0.4827586206896552,29
634,e4 e5 Nf3 Nc6 Bc4 Bc5 c3 d6 d4 exd4,10,white,0.5897435897435898,0.042735042735042736,0.36752136752136755,117
636,e4 e5 Nf3 Nc6 Bc4 Bc5 O-O Nf6 d3 d6,10,white,0.4166666666666667,0.0,0.5833333333333334,36
638,e4 c5 Nc3 Nc6 Nf3 g6 d4 cxd4 Nxd4 Bg7,10,white,0.4117647058823529,0.0,0.5882352941176471,17
639,e4 e5 Nf3 d6 d4 exd4 Nxd4 c5 Nf5 Bxf5,10,white,0.5833333333333334,0.0,0.4166666666666667,12
640,e4 c5 c3 Nc6 d4 cxd4 cxd4 d5 e5 Bf5,10,white,0.6153846153846154,0.0,0.38461538461538464,13
641,e4 e5 Nf3 Nc6 Bc4 Bc5 b4 Bxb4 c3 Bc5 d4 exd4 cxd4 Bb4+,14,white,0.3,0.1,0.6,20
643,d4 d5 c4 e6 Nc3 Nf6 cxd5 exd5 Bg5 c6 e3 Be7,12,white,0.7142857142857143,0.0,0.2857142857142857,14
644,Nf3 Nf6 d4 g6 c4 Bg7 Nc3 O-O e4 d6,10,white,0.72,0.08,0.2,25
645,e4 c5 Bc4 Nc6 c3 Nf6 d3 d5 exd5 Nxd5,10,white,0.23529411764705882,0.0,0.7647058823529411,17
646,e4 e5 Nf3 Nc6 Bc4 Bc5 c3 Nf6 d4 exd4 cxd4 Bb4+ Nc3 O-O,14,white,0.6923076923076923,0.0,0.3076923076923077,13
648,d4 Nf6 c4 e6 Nc3 d5 Nf3 Be7 e3 O-O,10,white,0.23076923076923078,0.07692307692307693,0.6923076923076923,13
649,e4 e5 Nf3 d6 Bc4 c6 d3 d5 exd5 cxd5,10,white,0.75,0.0625,0.1875,16
650,e4 c6 Nf3 d5 exd5 cxd5 d4 Nc6 Nc3 Nf6 Bb5 g6,12,white,0.4166666666666667,0.0,0.5833333333333334,12
651,e4 e5 Nf3 Nc6 d4 exd4 Nxd4 Nf6 Nxc6 bxc6 e5 Nd5,12,white,0.4,0.0,0.6,20
652,e4 c5 Nf3 Nc6 c3 d6 d4 cxd4 cxd4 g6 Nc3 Bg7,12,white,0.7142857142857143,0.0,0.2857142857142857,14
653,Nf3 c5 d4 cxd4 Nxd4 Nc6 c4 g6 Nc3 Bg7,10,white,0.38461538461538464,0.0,0.6153846153846154,13
654,e4 e5 Nf3 Nc6 Bc4 Bc5 Nc3 Nf6 O-O d6,10,white,0.5,0.0,0.5,14
655,d4 c5 c4 cxd4 Qxd4 Nc6 Qd1 g6 Nc3 Bg7 Nf3 d6,12,white,0.6129032258064516,0.03225806451612903,0.3548387096774194,31
656,e4 e5 Nf3 Nc6 Bc4 h6 Nc3 Bc5 d3 d6,10,white,0.15384615384615385,0.0,0.8461538461538461,13
657,e4 c5 Nf3 Nc6 d4 cxd4 Nxd4 e5 Nf5 d6,10,white,0.3888888888888889,0.0,0.6111111111111112,18
658,e4 c6 d4 d5 e5 Bf5 Nf3 e6 Bd3 Bxd3,10,white,0.4827586206896552,0.06896551724137931,0.4482758620689655,29
660,e4 e6 Nf3 d5 exd5 exd5 d4 Nf6 Nc3 c5,10,white,0.27419354838709675,0.03225806451612903,0.6935483870967742,62
661,e4 d5 exd5 Qxd5 Nc3 Qe6+ Be2 Nc6 Nf3 Nf6,10,white,0.8148148148148148,0.0,0.18518518518518517,27
662,e4 c5 Nf3 b6 d4 cxd4 Nxd4 Bb7 Nc3 g6,10,white,0.4482758620689655,0.0,0.5517241379310345,29
663,e4 e5 Nf3 Nc6 d4 exd4 Nxd4 Bc5 Be3 Bxd4,10,white,0.5,0.07142857142857142,0.42857142857142855,14
664,e4 e5 Nf3 Nc6 Bc4 Nf6 Ng5 Bc5 Nxf7 Bxf2+ Kf1 Qe7,12,white,0.6428571428571429,0.07142857142857142,0.2857142857142857,14
665,d4 d5 c4 c5 cxd5 Qxd5 Nc3 Qxd4 Qxd4 cxd4,10,white,0.5,0.14285714285714285,0.35714285714285715,14
666,e4 e6 Nf3 d5 exd5 exd5 d4 Nf6 Nc3 c6,10,white,0.15,0.05,0.8,20
667,d4 d5 Nc3 e6 a3 Nf6 Bf4 Bd6 Qd2 Bxf4,10,white,0.5,0.08333333333333333,0.4166666666666667,12
668,e4 b6 Nf3 Bb7 Nc3 e6 d4 Bb4 Bd2 Bxc3 Bxc3 Bxe4,12,white,0.38235294117647056,0.029411764705882353,0.5882352941176471,34
669,e4 e5 Nf3 Nc6 Bb5 Nd4 Nxd4 exd4 O-O a6,10,white,0.35714285714285715,0.07142857142857142,0.5714285714285714,14
670,e4 e5 Nf3 Nc6 Bb5 Bc5 Bxc6 dxc6 Nxe5 Qd4 Nd3 Qxe4+,12,white,0.29411764705882354,0.0,0.7058823529411765,17
671,e4 e5 Nf3 Nc6 Bb5 d6 h3 Bd7 O-O Nf6 Re1 Be7 c3 O-O,14,white,0.6153846153846154,0.0,0.38461538461538464,13
672,e4 e6 Nf3 d5 Nc3 dxe4 Nxe4 Nf6 Nxf6+ Qxf6,10,white,0.3076923076923077,0.15384615384615385,0.5384615384615384,13
673,e4 e5 Nf3 Nc6 d4 exd4 Nxd4 Bc5 Be3 Qf6 Nxc6 Bxe3,12,white,0.5384615384615384,0.0,0.46153846153846156,13
675,e4 e5 Nf3 Nc6 c3 Nf6 d3 d5 exd5 Nxd5,10,white,0.6,0.0,0.4,15
676,e4 e5 Qh5 Nc6 Bc4 g6 Qf3 Nf6 c3 a6,10,white,0.5384615384615384,0.0,0.46153846153846156,13
677,e4 e5 Nf3 Nc6 Bc4 h6 Nc3 Nf6 d4 exd4 Nxd4 Nxd4,12,white,0.5833333333333334,0.08333333333333333,0.3333333333333333,24
678,e4 e5 Nf3 Nf6 Nxe5 Qe7 Nf3 Nxe4 Be2 d5,10,white,0.7058823529411765,0.0,0.29411764705882354,17
679,d4 Nf6 c4 g6 Nc3 Bg7 e4 d6 Bd3 O-O,10,white,0.6111111111111112,0.0,0.3888888888888889,18
680,e4 e5 Nf3 Nc6 Bc4 Nf6 Nc3 Bb4 d3 Bxc3+,10,white,0.6956521739130435,0.043478260869565216,0.2608695652173913,23
681,e4 e5 Nf3 Nc6 d4 exd4 Bc4 Nf6 Ng5 d5,10,white,0.5555555555555556,0.0,0.4444444444444444,18
682,e4 e5 Nf3 Nc6 Bc4 Nf6 Ng5 d5 exd5 Na5 Bb5+ Bd7 Bxd7+ Qxd7,14,white,0.7058823529411765,0.17647058823529413,0.11764705882352941,17
683,e4 e5 Nf3 Nc6 Bb5 d6 h3 Bd7 O-O Nf6,10,white,0.5,0.11764705882352941,0.38235294117647056,34
685,e4 e6 d4 d5 Nc3 dxe4 Nxe4 Be7 Nf3 Nf6,10,white,0.3125,0.0,0.6875,16
686,d4 d5 f3 Nc6 e4 dxe4 fxe4 Qxd4 Qxd4 Nxd4,10,white,0.25,0.08333333333333333,0.6666666666666666,12
687,e4 e5 Nf3 Nc6 Bc4 Bc5 d3 Nf6 Bg5 d6,10,white,0.26666666666666666,0.0,0.7333333333333333,15
688,e4 e5 Nf3 Nc6 Bb5 Nge7 O-O g6 c3 Bg7,10,white,0.6896551724137931,0.05172413793103448,0.25862068965517243,58
689,e4 b6 Nf3 Bb7 Nc3 e6 d4 Bb4 Bd3 Nf6 O-O Bxc3,12,white,0.46153846153846156,0.0,0.5384615384615384,13
690,e4 c5 Nf3 e6 d4 cxd4 Nxd4 a6 Nc3 d6,10,white,0.29411764705882354,0.0,0.7058823529411765,17
691,e4 e5 Nf3 d6 Bc4 Bg4 d4 exd4 Qxd4 Bxf3,10,white,0.4166666666666667,0.08333333333333333,0.5,12
692,d4 d5 Nc3 Nf6 Bf4 e6 Nb5 Bd6 Qd2 a6 Nxd6+ cxd6,12,white,0.8518518518518519,0.0,0.14814814814814814,27
693,e4 e5 Nf3 Nc6 d4 d6 dxe5 Nxe5 Nxe5 dxe5 Qxd8+ Kxd8,12,white,0.5818181818181818,0.09090909090909091,0.32727272727272727,55
694,e4 d5 exd5 Qxd5 Nc3 Qe5+ Be2 Bg4 Nf3 Bxf3 gxf3 Nc6,12,white,0.47058823529411764,0.0,0.5294117647058824,17
695,e4 e5 Nf3 d6 Bc4 h6 d4 exd4 Nxd4 Nf6,10,white,0.5217391304347826,0.08695652173913043,0.391304347826087,46
696,e4 c6 Nf3 d5 exd5 cxd5 Nc3 e6 d4 Nf6,10,white,0.16666666666666666,0.0,0.8333333333333334,12
697,e4 e5 Nf3 Nc6 Bc4 Bc5 O-O Nf6 c3 O-O,10,white,0.5882352941176471,0.029411764705882353,0.38235294117647056,34
698,d4 d5 f3 Nc6 e4 dxe4 fxe4 Nxd4 c3 Nc6 Qxd8+ Nxd8,12,white,0.25,0.08333333333333333,0.6666666666666666,12
699,e4 e5 Nf3 Nc6 Bb5 d6 d4 Bd7 d5 Nce7,10,white,0.36,0.08,0.56,25
701,e4 e5 Nf3 Nc6 Bb5 Nf6 O-O a6 Ba4 b5,10,white,0.6923076923076923,0.038461538461538464,0.2692307692307692,26
702,e4 c5 Nf3 g6 c3 Bg7 d4 cxd4 cxd4 d6,10,white,0.7142857142857143,0.047619047619047616,0.23809523809523808,21
704,e4 e5 Nf3 Nc6 Bc4 Bc5 b4 Bxb4 c3 Ba5,10,white,0.5185185185185185,0.07407407407407407,0.4074074074074074,27
705,e4 e6 d4 d5 Nc3 Nf6 Bg5 Be7 e5 Nfd7 h4 Bxg5 hxg5 Qxg5 Nh3 Qe7 Qg4 g6,18,white,0.16666666666666666,0.08333333333333333,0.75,12
706,e4 c5 Nf3 Nc6 d4 cxd4 Nxd4 e5 Nb5 d6 Nb1c3 a6 Na3 b5,14,white,0.4444444444444444,0.05555555555555555,0.5,18
708,e4 c6 Nf3 d5 exd5 cxd5 d4 Nc6 Nc3 Nf6,10,white,0.4857142857142857,0.02857142857142857,0.4857142857142857,35
709,e4 b6 d4 Bb7 Nc3 e6 Nf3 Bb4 Bd3 Nf6,10,white,0.5227272727272727,0.06818181818181818,0.4090909090909091,44
711,e4 c5 Nf3 Nc6 d4 cxd4 Nxd4 e5 Nb5 a6 Nd6+ Bxd6 Qxd6 Qe7 Qxe7+ Ngxe7,16,white,0.4666666666666667,0.0,0.5333333333333333,15
712,e4 c6 d4 d5 exd5 cxd5 Bd3 Nc6 c3 Nf6,10,white,0.6428571428571429,0.03571428571428571,0.32142857142857145,28
713,e4 e5 Nf3 Nc6 Bc4 Bc5 O-O Nf6 Nc3 O-O,10,white,0.4444444444444444,0.0,0.5555555555555556,27
714,e4 e5 Bc4 Nf6 Nf3 Nc6 Ng5 d5 exd5 Nxd5 Nxf7 Kxf7,12,white,0.5,0.0,0.5,12
716,e4 e5 Nf3 Nc6 Bc4 Nf6 d3 d5 exd5 Nxd5,10,white,0.6176470588235294,0.0392156862745098,0.3431372549019608,102
719,e4 e5 Nf3 Nc6 Bb5 Nf6 d3 d6 h3 Bd7,10,white,0.4666666666666667,0.06666666666666667,0.4666666666666667,15
721,e4 d5 exd5 Qxd5 Nc3 Qa5 Nf3 Bg4 Be2 Bxf3,10,white,0.7931034482758621,0.06896551724137931,0.13793103448275862,29
724,e4 e5 Nf3 Nc6 Bb5 a6 Bxc6 dxc6 d3 Bg4,10,white,0.5,0.023809523809523808,0.47619047619047616,42
725,e4 e5 Nf3 Nc6 Bc4 Nf6 Ng5 d5 exd5 Nd4 d6 Qxd6,12,white,0.125,0.0625,0.8125,16
726,e4 e5 Nf3 Nc6 d4 exd4 Bc4 Bb4+ c3 dxc3,10,white,0.48148148148148145,0.037037037037037035,0.48148148148148145,27
727,e4 e5 Nf3 d6 d4 exd4 Nxd4 Nf6 Bg5 Be7 Nc3 O-O,12,white,0.38461538461538464,0.07692307692307693,0.5384615384615384,13
728,e4 c6 d4 d5 e5 Bf5 g4 Be4 f3 Bg6,10,white,0.5909090909090909,0.09090909090909091,0.3181818181818182,22
729,e4 e5 Nf3 Nc6 Bb5 Nge7 O-O d6 c3 Bd7,10,white,0.5,0.0,0.5,12
730,e4 e5 Nf3 d6 Bc4 h6 d4 exd4 Nxd4 Nf6 Nc3 Be7,12,white,0.4117647058823529,0.058823529411764705,0.5294117647058824,17
731,e4 e5 Nf3 Nc6 Bb5 Nf6 Bxc6 bxc6 Nxe5 Nxe4,10,white,0.6,0.06666666666666667,0.3333333333333333,15
733,e4 e6 Nf3 d5 e5 c5 d4 cxd4 Nxd4 Nc6,10,white,0.3,0.0,0.7,20
735,e4 c5 Nf3 Nc6 d4 cxd4 Nxd4 e5 Nxc6 bxc6 Nc3 Nf6 Bg5 Be7,14,white,0.5,0.0,0.5,12
736,e4 e5 Nc3 Nf6 Nf3 Nc6 d4 exd4 Nxd4 Bc5,10,white,0.4166666666666667,0.16666666666666666,0.4166666666666667,12
737,e4 b6 Nf3 Bb7 Nc3 e6 d4 Bb4 Bd3 Nf6,10,white,0.4482758620689655,0.022988505747126436,0.5287356321839081,87
738,e4 e5 Nf3 Nf6 Nc3 Nc6 d4 exd4 Nxd4 Nxd4 Qxd4 c5,12,white,0.4166666666666667,0.0,0.5833333333333334,12
740,e4 d5 exd5 Qxd5 Nc3 Qa5 d3 Nf6 Bd2 Nc6,10,white,0.47368421052631576,0.05263157894736842,0.47368421052631576,19
743,e4 e5 Nf3 Nc6 Bc4 Nf6 Nc3 Nxe4 Nxe4 d5 Bxd5 Qxd5,12,white,0.4375,0.0,0.5625,16
744,e4 d5 exd5 Qxd5 Nc3 Qe6+ Qe2 Qxe2+ Bxe2 Nf6,10,white,0.75,0.0,0.25,16
745,e4 d5 exd5 Qxd5 Nc3 Qa5 d4 Nf6 Nf3 Bg4 Be2 e6,12,white,0.38461538461538464,0.0,0.6153846153846154,13
746,e4 e5 Nf3 Nc6 Bc4 Bc5 O-O d6 c3 Bg4,10,white,0.5625,0.03125,0.40625,32
748,e4 Nf6 e5 Nd5 c4 Nb6 c5 Nd5 Bc4 e6,10,white,0.45161290322580644,0.06451612903225806,0.4838709677419355,31
749,e4 e5 Nf3 Nc6 Bc4 Nf6 Nc3 Bc5 h3 O-O,10,white,0.5714285714285714,0.0,0.42857142857142855,14
750,e4 e5 Nf3 Nc6 Bc4 Nf6 Ng5 d5 exd5 Nd4 c3 b5 cxd4 bxc4,14,white,0.5,0.05,0.45,20
751,e4 e5 Nf3 Nc6 Bc4 Bc5 c3 Nf6 d4 exd4,10,white,0.4880952380952381,0.047619047619047616,0.4642857142857143,252
753,e4 e5 Nf3 Nc6 d4 exd4 Nxd4 Nxd4 Qxd4 Nf6 e5 Ng8,12,white,0.5294117647058824,0.0,0.47058823529411764,17
754,e4 e5 Nf3 Qf6 d4 exd4 Qxd4 Nc6 Qxf6 Nxf6,10,white,0.3888888888888889,0.05555555555555555,0.5555555555555556,18
755,e4 d5 exd5 Qxd5 Nf3 Bg4 Be2 Nf6 O-O e6,10,white,0.46153846153846156,0.0,0.5384615384615384,13
756,d4 e6 c4 d5 Nc3 Nf6 Nf3 c5 Bg5 cxd4 Nxd4 Be7,12,white,0.5,0.08333333333333333,0.4166666666666667,12
758,e4 e5 Nf3 Nc6 Bb5 Nge7 O-O g6 d4 exd4,10,white,0.7692307692307693,0.0,0.23076923076923078,13
759,e4 d5 exd5 Qxd5 Nc3 Qa5 d4 a6 Bd2 Qb6,10,white,0.5384615384615384,0.07692307692307693,0.38461538461538464,13
760,e4 d5 exd5 Qxd5 Nc3 Qe6+ Be2 Nf6 Nf3 Nc6,10,white,0.7894736842105263,0.0,0.21052631578947367,19
761,e4 e5 f4 Nc6 Nf3 d6 Bc4 Bg4 O-O Nd4,10,white,0.4166666666666667,0.0,0.5833333333333334,12
762,e4 c5 Nf3 d6 Nc3 Nf6 d4 cxd4 Nxd4 a6,10,white,0.46875,0.0,0.53125,32
763,e4 e5 Nf3 d6 Bc4 Bg4 d3 Nf6 h3 Bh5,10,white,0.4166666666666667,0.08333333333333333,0.5,12
765,e4 e5 Nf3 Nc6 Bc4 Bc5 c3 Nf6 d4 exd4 cxd4 Bb4+ Bd2 Bxd2+ Nbxd2 O-O,16,white,0.4782608695652174,0.043478260869565216,0.4782608695652174,23
766,e4 e5 Nf3 Nf6 Nxe5 Nxe4 Qe2 Qe7 Qxe4 d6 d4 dxe5,12,white,0.6666666666666666,0.0,0.3333333333333333,12
767,e4 e5 Nf3 Nf6 Nxe5 Qe7 d4 d6 Nf3 Nxe4 Be2 Bg4,12,white,0.6,0.06666666666666667,0.3333333333333333,15
768,e4 c6 d4 d5 exd5 cxd5 Nf3 Bg4 Be2 e6,10,white,0.6153846153846154,0.0,0.38461538461538464,13
769,e4 e5 Nf3 Nc6 Bc4 Bc5 d3 Nf6 Ng5 O-O Nxf7 Rxf7 Bxf7+ Kxf7,14,white,0.2777777777777778,0.05555555555555555,0.6666666666666666,36
770,e4 b6 d4 Bb7 d5 e6 c4 exd5 cxd5 Qe7 Nc3 Nf6,12,white,0.48,0.04,0.48,25
771,e4 d5 exd5 Qxd5 Nc3 Qe6+ Be2 Qg6 Nf3 Qxg2,10,white,0.7142857142857143,0.0,0.2857142857142857,14
773,d4 d5 c4 dxc4 e4 b5 a4 c6 axb5 cxb5,10,white,0.75,0.08333333333333333,0.16666666666666666,12
775,e4 e5 Nf3 d6 Bc4 Bg4 h3 Bxf3 Qxf3 Nf6,10,white,0.5822784810126582,0.02531645569620253,0.3924050632911392,79
776,e4 e5 Nf3 Nc6 Bb5 a6 Ba4 b5 Bb3 d6,10,white,0.5609756097560976,0.04878048780487805,0.3902439024390244,41
777,e4 c5 Nf3 Nc6 d4 cxd4 Nxd4 e5 Nb5 a6,10,white,0.5189873417721519,0.05063291139240506,0.43037974683544306,79
779,e4 e6 d4 d5 Nd2 Nf6 e5 Nfd7 Bd3 c5 c3 Nc6,12,white,0.6363636363636364,0.18181818181818182,0.18181818181818182,33
781,d4 e6 Nf3 d5 g3 Nf6 Bg2 c5 e3 cxd4 exd4 Nc6 O-O Bd6,14,white,0.6666666666666666,0.0,0.3333333333333333,12
782,e4 c6 d4 d5 exd5 cxd5 Nc3 Nf6 Nf3 Bg4,10,white,0.3076923076923077,0.07692307692307693,0.6153846153846154,13
785,d4 c5 c4 cxd4 Qxd4 Nc6 Qd1 g6 Nc3 Bg7 Nf3 Nf6,12,white,0.38461538461538464,0.07692307692307693,0.5384615384615384,26
786,e4 d5 exd5 Qxd5 Nc3 Qa5 Nf3 Nf6 Be2 Bg4 O-O Nc6,12,white,0.5416666666666666,0.0,0.4583333333333333,24
787,e4 e5 Bc4 Nf6 Nf3 d6 Ng5 d5 exd5 Nxd5,10,white,0.5,0.0,0.5,24
789,e4 e5 Nf3 Nc6 Bc4 Nf6 Ng5 d5 exd5 Nxd5 Nxf7 Kxf7 Qf3+ Ke8,14,white,0.6956521739130435,0.08695652173913043,0.21739130434782608,23
790,e4 e5 Nf3 Nc6 Bb5 d6 Bxc6+ bxc6 d4 exd4 Nxd4 c5,12,white,0.48148148148148145,0.0,0.5185185185185185,27
791,e4 e5 Bc4 c6 Nf3 d5 exd5 cxd5 Bb5+ Bd7 Bxd7+ Nxd7,12,white,0.3333333333333333,0.0,0.6666666666666666,15
792,e4 e6 Nf3 d5 exd5 exd5 d4 Nf6 Bd3 Be7 O-O O-O,12,white,0.42105263157894735,0.0,0.5789473684210527,19
793,e4 e6 Nf3 d5 exd5 exd5 d4 Nf6 Be2 Bd6 O-O O-O,12,white,0.6,0.06666666666666667,0.3333333333333333,15
794,e4 e5 Nf3 Nc6 Bb5 d6 d4 exd4 Qxd4 Bd7,10,white,0.5952380952380952,0.047619047619047616,0.35714285714285715,42
795,e4 c5 Nf3 Nc6 d4 cxd4 Nxd4 e5 Nf5 d6 Nc3 Bxf5,12,white,0.46153846153846156,0.0,0.5384615384615384,13
796,e4 e5 Nf3 Nc6 Bb5 Qf6 O-O Nd4 Nxd4 exd4,10,white,0.625,0.0,0.375,16
799,e4 b6 d4 Bb7 Bd3 e6 c4 Nf6 Nc3 Bb4,10,white,0.2857142857142857,0.0,0.7142857142857143,14
801,e4 e6 Nf3 d5 exd5 exd5 d4 Nf6 Bd3 Be7,10,white,0.3870967741935484,0.03225806451612903,0.5806451612903226,31
803,e4 Nf6 e5 Nd5 c4 Nb6 c5 Nd5 Nc3 Nxc3,10,white,0.3125,0.0,0.6875,16
804,d4 d5 c4 e6 Nc3 Nf6 Bg5 c6 e3 Nbd7,10,white,0.14285714285714285,0.14285714285714285,0.7142857142857143,14
805,e4 e5 Nf3 Nc6 Bb5 a6 Ba4 b5 Bb3 Nd4,10,white,0.6666666666666666,0.0,0.3333333333333333,15
806,e4 c5 Bc4 e6 Nf3 d5 exd5 exd5 Bb5+ Nc6,10,white,0.3333333333333333,0.0,0.6666666666666666,15
807,e4 c5 Nf3 Nc6 d4 cxd4 Nxd4 Nf6 Nc3 a6,10,white,0.463768115942029,0.043478260869565216,0.4927536231884058,69
808,e4 e5 Nf3 Nc6 Bb5 d6 h3 Bd7 c3 Nf6,10,white,0.48,0.04,0.48,25
809,d4 d5 Nc3 Nf6 Bf4 Nc6 Nb5 e5 dxe5 Nxe5,10,white,0.9411764705882353,0.0,0.058823529411764705,17
811,e4 e5 Nf3 d6 Bc4 Bg4 h3 Bh5 Nc3 c6,10,white,0.6,0.06666666666666667,0.3333333333333333,15
812,e4 e5 Bc4 c6 Nf3 d5 exd5 cxd5 Bb5+ Bd7,10,white,0.4090909090909091,0.09090909090909091,0.5,22
813,e4 c5 Nf3 Nc6 Bc4 e6 O-O d5 exd5 exd5,10,white,0.5813953488372093,0.046511627906976744,0.37209302325581395,43
814,e4 e5 Nf3 Nc6 d4 exd4 Nxd4 Bc5 Nxc6 Qf6 Qe2 Qxc6,12,white,0.5384615384615384,0.0,0.46153846153846156,13
815,e4 e5 Nf3 Nc6 Bc4 h6 d4 d6 dxe5 dxe5,10,white,0.7222222222222222,0.0,0.2777777777777778,18
816,d4 Nf6 c4 g6 Nc3 Bg7 e4 d6 Nf3 O-O Be2 e5,12,white,0.7333333333333333,0.0,0.26666666666666666,15
817,e4 e5 Bc4 Nf6 Nf3 d5 exd5 Nxd5 Nxe5 Be6,10,white,0.46153846153846156,0.07692307692307693,0.46153846153846156,13
818,e4 d5 exd5 Qxd5 Nc3 Qa5 d3 Nf6 Bd2 Bg4,10,white,0.4117647058823529,0.058823529411764705,0.5294117647058824,17
819,e4 d5 e5 c5 f4 a6 Nf3 Nc6 d3 Bg4,10,white,0.25,0.0,0.75,12
820,e4 c5 Nf3 d6 Bb5+ Bd7 Bxd7+ Nxd7 O-O Ngf6,10,white,0.3333333333333333,0.05555555555555555,0.6111111111111112,18
821,e4 e5 Nf3 Nc6 d4 d6 dxe5 Nxe5 Nxe5 dxe5 Qxd8+ Kxd8 Bc4 Be6 Bxe6 fxe6,16,white,0.8333333333333334,0.08333333333333333,0.08333333333333333,12
822,d4 g6 c4 Bg7 Nc3 e6 e3 Ne7 Nf3 O-O,10,white,0.6428571428571429,0.0,0.35714285714285715,14
825,d4 Nf6 c4 g6 Nc3 d5 cxd5 Nxd5 e4 Nxc3 bxc3 Bg7 Nf3 O-O,14,white,0.5833333333333334,0.08333333333333333,0.3333333333333333,12
826,e4 d5 exd5 Qxd5 Nc3 Qe5+ Be2 Nc6 Nf3 Qe6,10,white,0.6923076923076923,0.0,0.3076923076923077,13
828,e4 e5 Nf3 Nc6 Bc4 Nf6 Ng5 d5 exd5 Na5 Bb5+ c6 dxc6 bxc6,14,white,0.34057971014492755,0.028985507246376812,0.6304347826086957,138
830,d4 c5 d5 d6 c4 e5 Nc3 f5 e4 Nf6,10,white,0.6521739130434783,0.08695652173913043,0.2608695652173913,23
831,d4 d5 Nf3 Nf6 g3 g6 Bg2 Bg7 O-O O-O,10,white,0.5,0.05,0.45,20
832,e4 c6 d4 d5 e5 Bf5 Nf3 e6 Be2 Nd7,10,white,0.5294117647058824,0.0,0.47058823529411764,17
833,e4 c6 d4 d5 Nc3 dxe4 Nxe4 Nd7 Nf3 Ngf6,10,white,0.35714285714285715,0.0,0.6428571428571429,14
836,e4 e5 Nf3 Nc6 Bb5 d6 O-O Nf6 Re1 Be7 c3 O-O,12,white,0.6666666666666666,0.0,0.3333333333333333,15
837,e4 c5 Nf3 Nc6 d4 cxd4 Nxd4 e5 Nb5 d6 Nb1c3 a6 Na3 Nf6 Bg5 Be7,16,white,0.6666666666666666,0.0,0.3333333333333333,12
838,e4 e5 Nf3 Nc6 Bb5 a6 Ba4 Nf6 O-O Bc5,10,white,0.6190476190476191,0.047619047619047616,0.3333333333333333,21
839,e4 e5 Nf3 Nc6 Bb5 a6 Ba4 b5 Bb3 Nf6 O-O Nxe4,12,white,0.75,0.0,0.25,12
840,d4 d5 f3 Nc6 e4 dxe4 fxe4 Nxd4 c3 Nc6,10,white,0.35714285714285715,0.0,0.6428571428571429,14
841,e4 c5 Nf3 e6 d4 cxd4 Nxd4 Nf6 Nc3 a6,10,white,0.5833333333333334,0.0,0.4166666666666667,12
842,e4 c5 Nf3 Nc6 d4 cxd4 Nxd4 e5 Nb3 Nf6,10,white,0.42592592592592593,0.05555555555555555,0.5185185185185185,54
844,e4 e5 Nf3 Nc6 d4 exd4 Nxd4 Nxd4 Qxd4 Qf6 Qxf6 Nxf6,12,white,0.4666666666666667,0.13333333333333333,0.4,30
845,d4 Nf6 c4 e5 Nc3 exd4 Qxd4 Nc6 Qd1 Bc5,10,white,0.5,0.0,0.5,20
846,d4 d5 c4 c6 Nc3 Nf6 Nf3 g6 Bg5 Bg7,10,white,0.5,0.08333333333333333,0.4166666666666667,12
847,d4 e6 c4 d5 cxd5 exd5 Nc3 Nf6 e3 c5,10,white,0.5833333333333334,0.0,0.4166666666666667,12
848,e4 Nf6 e5 Nd5 d4 d6 c4 Nb6 f4 Bf5,10,white,0.4666666666666667,0.0,0.5333333333333333,15
849,d4 d5 c4 dxc4 Nc3 Nf6 e3 e6 Bxc4 Bb4,10,white,0.9375,0.0,0.0625,16
850,e4 e5 Qh5 Nc6 Bc4 g6 Qf3 Nf6 c3 Bg7,10,white,0.36619718309859156,0.014084507042253521,0.6197183098591549,71
852,e4 e5 Nf3 Nc6 Bc4 h6 d4 exd4 Nxd4 Nxd4 Qxd4 Nf6,12,white,0.6285714285714286,0.0,0.37142857142857144,35
853,e4 e5 Nf3 Nc6 d4 d6 dxe5 dxe5 Qxd8+ Nxd8,10,white,0.5952380952380952,0.047619047619047616,0.35714285714285715,42
854,e4 e5 Nf3 Nc6 Bb5 d6 d4 exd4 Nxd4 Bd7 Nc3 Nxd4 Bxd7+ Qxd7,14,white,0.42857142857142855,0.0,0.5714285714285714,14
856,e4 e5 Nf3 Nc6 Bc4 h6 d3 Nf6 h3 Bc5,10,white,0.38461538461538464,0.07692307692307693,0.5384615384615384,13
857,e4 e5 Nf3 Nc6 Bc4 Bc5 Nc3 Nf6 d3 O-O,10,white,0.5178571428571429,0.05357142857142857,0.42857142857142855,56
858,d4 d5 c4 e6 Nc3 Nf6 cxd5 exd5 Bg5 c6,10,white,0.75,0.0,0.25,28
859,e4 e5 Nf3 d6 d4 Nf6 dxe5 dxe5 Qxd8+ Kxd8,10,white,0.9285714285714286,0.07142857142857142,0.0,14
860,e4 e5 Nf3 Nc6 Bb5 Bc5 c3 d6 d4 exd4 cxd4 Bb6,12,white,0.9166666666666666,0.0,0.08333333333333333,12
861,e4 e6 Nf3 d5 exd5 exd5 d4 Nf6 Bg5 Be7,10,white,0.3333333333333333,0.05555555555555555,0.6111111111111112,36
862,e4 e6 Nf3 d5 exd5 exd5 d4 Bd6 Nc3 Nf6,10,white,0.3333333333333333,0.16666666666666666,0.5,12
863,e4 d5 exd5 Qxd5 Nc3 Qa5 d4 Nf6 Bd2 c6 Nf3 Bg4,12,white,0.5,0.0,0.5,12
864,e4 e5 Nf3 d6 Bc4 Be6 Bxe6 fxe6 d4 exd4,10,white,0.5172413793103449,0.034482758620689655,0.4482758620689655,29
865,e4 e5 Nf3 Nc6 Bc4 d6 O-O Be6 Bxe6 fxe6,10,white,0.6153846153846154,0.0,0.38461538461538464,13
866,e4 e5 Nf3 Nc6 Bc4 Nf6 O-O Bc5 c3 O-O d4 exd4 cxd4 Bb6,14,white,0.5,0.0,0.5,12
867,d4 d5 Nc3 Nf6 Bf4 e6 Nb5 Na6 a3 c6 Nc3 Bd6,12,white,0.6470588235294118,0.0,0.35294117647058826,17
868,e4 e5 Nf3 Nc6 Bc4 Bc5 c3 Nf6 d3 h6,10,white,0.4166666666666667,0.0,0.5833333333333334,12
870,e4 e5 Bc4 c6 Nf3 d5 exd5 cxd5 Bb3 e4,10,white,0.4117647058823529,0.11764705882352941,0.47058823529411764,17
871,e4 e5 Nf3 Nc6 Bb5 a6 Ba4 Nf6 O-O Be7 Re1 b5,12,white,0.31137724550898205,0.0658682634730539,0.6227544910179641,167
872,e4 e5 Nf3 d6 d4 Bg4 dxe5 Bxf3 gxf3 dxe5 Qxd8+ Kxd8,12,white,0.7380952380952381,0.023809523809523808,0.23809523809523808,42
873,e4 c5 Nf3 e6 d4 d5 exd5 exd5 dxc5 Nf6 Nc3 Bxc5,12,white,0.2857142857142857,0.07142857142857142,0.6428571428571429,14
874,e4 c5 f4 Nc6 Nf3 e6 Bc4 d5 exd5 exd5,10,white,0.42857142857142855,0.0,0.5714285714285714,21
875,e4 e5 Nf3 Nc6 Bc4 Bc5 Nc3 Nf6 d3 d6,10,white,0.45098039215686275,0.058823529411764705,0.49019607843137253,51
877,e4 e6 Nf3 d5 exd5 exd5 d4 Nf6 c4 c5,10,white,0.38461538461538464,0.07692307692307693,0.5384615384615384,13
878,e4 e5 Nf3 Nc6 Bb5 a6 Bxc6 bxc6 O-O d6,10,white,0.6666666666666666,0.0,0.3333333333333333,21
879,e4 e5 Nf3 Nc6 d4 exd4 Nxd4 d6 Nxc6 bxc6,10,white,0.4772727272727273,0.06818181818181818,0.45454545454545453,44
880,d4 d5 c4 dxc4 e3 b5 a4 Bd7 axb5 Bxb5,10,white,0.45,0.05,0.5,20
882,e4 e5 Nf3 Nc6 Bc4 Bc5 b4 Bxb4 c3 Bc5 d4 exd4 O-O dxc3,14,white,0.5714285714285714,0.0,0.42857142857142855,14
883,d4 d5 c4 c6 Nc3 e6 Nf3 Nf6 Bg5 Be7,10,white,0.5675675675675675,0.05405405405405406,0.3783783783783784,37
884,e4 e5 Nf3 Nc6 Bc4 h6 O-O Nf6 Nc3 Bb4,10,white,0.5333333333333333,0.0,0.4666666666666667,15
885,e4 e5 Nf3 Qf6 Bc4 Bc5 Nc3 c6 d3 h6,10,white,0.5238095238095238,0.047619047619047616,0.42857142857142855,21
886,Nf3 Nf6 d4 g6 c4 Bg7 Nc3 O-O e4 d6 Be2 e5 O-O Nc6 d5 Ne7 Ne1 Ne8,18,white,0.625,0.0625,0.3125,16
887,e4 b6 d4 Bb7 Nc3 e6 Nf3 Bb4 Bd3 Bxc3+,10,white,0.23076923076923078,0.0,0.7692307692307693,13
889,e4 e5 Nf3 Nc6 Bc4 Bc5 d3 h6 O-O d6,10,white,0.35294117647058826,0.058823529411764705,0.5882352941176471,17
890,e4 d5 exd5 Qxd5 Nc3 Qa5 Nf3 Bg4 Be2 Nf6,10,white,0.3541666666666667,0.0625,0.5833333333333334,48
891,e4 e5 Nf3 d6 d4 Bg4 dxe5 Bxf3 Qxf3 dxe5 Bc4 Qe7,12,white,0.6956521739130435,0.0,0.30434782608695654,23
892,e4 e5 Nf3 Nc6 Bb5 d6 Bxc6+ bxc6 d4 exd4 Nxd4 Bd7,12,white,0.4166666666666667,0.08333333333333333,0.5,12
893,e4 e5 Nf3 Nc6 Nc3 Bc5 Bb5 a6 Bxc6 dxc6,10,white,0.5714285714285714,0.0,0.42857142857142855,14
894,d4 d5 c4 dxc4 Nc3 e6 e4 Bb4 Bxc4 Bxc3+,10,white,0.6153846153846154,0.0,0.38461538461538464,13
895,e4 d5 exd5 Qxd5 Nc3 Qa5 d4 Nf6 Nf3 Bg4 Be2 Nc6,12,white,0.4166666666666667,0.08333333333333333,0.5,12
896,e4 e5 Nf3 Nc6 d4 exd4 Nxd4 Nxd4 Qxd4 Qe7,10,white,0.5833333333333334,0.0,0.4166666666666667,36
897,e4 e5 Nf3 Nc6 Bc4 Nf6 Nc3 Nxe4 Nxe4 d5,10,white,0.45161290322580644,0.0,0.5483870967741935,31
898,e4 b6 f4 Bb7 e5 e6 Nf3 d6 d4 dxe5,10,white,0.5333333333333333,0.0,0.4666666666666667,15
900,e4 e5 Nf3 Nc6 Bc4 Bc5 b4 Bxb4 c3 Bc5 d4 exd4,12,white,0.45652173913043476,0.043478260869565216,0.5,46
901,e4 c5 Nf3 Nc6 Nc3 g6 d4 cxd4 Nxd4 Bg7 Nxc6 bxc6,12,white,0.4,0.0,0.6,25
902,d4 e5 dxe5 Nc6 Nf3 Qe7 Bf4 Qb4+ Nbd2 Qxf4,10,white,0.35714285714285715,0.0,0.6428571428571429,14
904,e4 e5 Nf3 Nf6 Nxe5 d6 Nf3 Nxe4 d4 d5,10,white,0.5192307692307693,0.019230769230769232,0.46153846153846156,52
905,e4 e5 Nf3 Nc6 Bb5 a6 Bxc6 dxc6 Nxe5 Qe7,10,white,0.46153846153846156,0.0,0.5384615384615384,13
906,e4 e5 Nf3 d6 d4 exd4 Qxd4 Nc6 Bb5 Bd7,10,white,0.5849056603773585,0.05660377358490566,0.3584905660377358,53
907,e4 e5 Nf3 Nc6 Bc4 h6 Nc3 Nf6 d4 exd4,10,white,0.4864864864864865,0.02702702702702703,0.4864864864864865,37
908,e4 e5 Nf3 Nc6 Bb5 d6 Bxc6+ bxc6 d4 exd4 Nxd4 Bb7,12,white,0.34782608695652173,0.08695652173913043,0.5652173913043478,23
910,e4 e5 Nf3 Nf6 Nxe5 Qe7 Nf3 Nxe4 Qe2 d5 d3 Nf6,12,white,0.25,0.08333333333333333,0.6666666666666666,12
911,e4 e5 Nf3 Nc6 d4 exd4 Bc4 Nf6 e5 d5 Bb5 Ne4,12,white,0.5,0.0,0.5,14
912,e4 e6 Nf3 d5 exd5 exd5 d4 Nf6 Nc3 c5 dxc5 Bxc5,12,white,0.4666666666666667,0.0,0.5333333333333333,15
913,e4 c5 Nf3 Nc6 Bc4 e6 d4 cxd4 Nxd4 a6,10,white,0.23076923076923078,0.0,0.7692307692307693,13
914,e4 c5 Nf3 Nc6 d4 cxd4 Nxd4 g6 Nc3 Bg7 Be3 d6,12,white,0.55,0.05,0.4,20
915,e4 e5 Qh5 Nf6 Qxe5+ Be7 d3 Nc6 Qg3 O-O,10,white,0.4444444444444444,0.05555555555555555,0.5,18
917,e4 e5 Nf3 Nc6 Bb5 a6 Bxc6 dxc6 Nxe5 Qd4,10,white,0.26666666666666666,0.07407407407407407,0.6592592592592592,135
919,e4 e5 Nf3 Nc6 Bb5 a6 Bxc6 dxc6 d4 exd4,10,white,0.5370370370370371,0.1111111111111111,0.35185185185185186,54
920,e4 d5 exd5 Qxd5 Nc3 Qa5 d4 c6 Nf3 Bg4,10,white,0.5294117647058824,0.0,0.47058823529411764,34
921,e4 e5 Nf3 Nc6 Bb5 a6 Ba4 Nf6 O-O b5 Bb3 Bc5 c3 O-O d4 exd4,16,white,0.9166666666666666,0.0,0.08333333333333333,12
922,e4 e5 Nf3 Nc6 Bb5 d6 Bxc6+ bxc6 d3 Bg4 h3 Bh5,12,white,0.5,0.0625,0.4375,16
923,d4 d5 c4 e6 e3 Nf6 cxd5 exd5 Nc3 c6,10,white,0.4166666666666667,0.08333333333333333,0.5,12
924,e4 e5 f4 Nc6 Nf3 d6 Bc4 h6 O-O Bg4,10,white,0.6153846153846154,0.07692307692307693,0.3076923076923077,13
925,e4 c5 Nf3 e6 d4 d5 dxc5 Bxc5 exd5 exd5,10,white,0.38461538461538464,0.038461538461538464,0.5769230769230769,26
926,e4 e5 Nf3 Nc6 Bb5 Nge7 O-O g6 c3 Bg7 d4 exd4 cxd4 d5,14,white,0.5833333333333334,0.0,0.4166666666666667,12
927,d4 d5 c4 e6 Nc3 Nf6 Bg5 Be7 e3 O-O,10,white,0.5441176470588235,0.014705882352941176,0.4411764705882353,68
928,e4 e5 Nf3 Nc6 Bc4 Bc5 c3 d6 d4 exd4 cxd4 Bb4+ Nc3 Bg4,14,white,0.6818181818181818,0.045454545454545456,0.2727272727272727,22
929,e4 d5 exd5 Qxd5 Nc3 Qe5+ Be2 Bg4 f3 Bh5,10,white,0.5769230769230769,0.11538461538461539,0.3076923076923077,26
930,e4 c6 Nf3 d5 exd5 cxd5 d4 Nc6 c3 Bg4,10,white,0.47368421052631576,0.10526315789473684,0.42105263157894735,19
932,e4 e5 Nf3 Nc6 Bc4 Bc5 d3 Nf6 Nc3 d6,10,white,0.4375,0.0,0.5625,16
933,e4 e5 Nf3 d6 d4 Bg4 dxe5 Bxf3 gxf3 Nc6,10,white,0.47368421052631576,0.10526315789473684,0.42105263157894735,19
934,d4 Nf6 c4 e5 dxe5 Ng4 Nf3 Bc5 e3 Nc6,10,white,0.5319148936170213,0.0425531914893617,0.425531914893617,47
935,e4 c5 Nf3 Nc6 d4 cxd4 Nxd4 g6 c3 Bg7,10,white,0.3125,0.0625,0.625,16
936,e4 e5 Nf3 f5 Nxe5 Qf6 d4 d6 Nc4 fxe4,10,white,0.42857142857142855,0.0,0.5714285714285714,14
937,e4 c6 Nf3 d5 exd5 cxd5 d4 Nf6 Nc3 Bg4,10,white,0.36,0.04,0.6,25
938,d4 e6 c4 c5 d5 exd5 cxd5 d6 Nc3 Nf6,10,white,0.7058823529411765,0.058823529411764705,0.23529411764705882,17
939,e4 c5 Nf3 e6 d4 cxd4 Nxd4 Nf6 Nc3 Bb4,10,white,0.3333333333333333,0.0,0.6666666666666666,30
942,e4 e5 Nf3 Qf6 d4 exd4 Nxd4 Bc5 c3 Nc6,10,white,0.5384615384615384,0.0,0.46153846153846156,13
943,e4 c6 Nf3 d5 exd5 cxd5 d4 Bg4 h3 Bh5,10,white,0.6153846153846154,0.07692307692307693,0.3076923076923077,13
944,e4 e5 Nf3 d6 d4 Bg4 dxe5 Bxf3 Qxf3 dxe5 Bc4 Qf6 Qb3 b6,14,white,0.7407407407407407,0.0,0.25925925925925924,27
945,e4 e5 Nf3 Nf6 Nc3 Bb4 d3 Bxc3+ bxc3 d6,10,white,0.4,0.0,0.6,15
946,e4 e5 Nf3 Nc6 d4 exd4 Nxd4 Nxd4 Qxd4 c5 Qd5 Nf6,12,white,0.3333333333333333,0.06666666666666667,0.6,15
947,e4 e5 Nf3 Nc6 Bb5 d6 Bxc6+ bxc6 d4 Bg4,10,white,0.575,0.025,0.4,40
948,e4 c5 Nf3 Nc6 d4 cxd4 Nxd4 Nf6 Nc3 d6 Bg5 e6,12,white,0.5294117647058824,0.058823529411764705,0.4117647058823529,17
949,e4 c5 Nf3 Nc6 d4 cxd4 Nxd4 Nf6 Nc3 e5 Nb3 Bb4,12,white,0.5882352941176471,0.058823529411764705,0.35294117647058826,17
950,e4 e5 Nf3 Nc6 d4 exd4 Bb5 Bc5 O-O Nge7,10,white,0.7272727272727273,0.045454545454545456,0.22727272727272727,22
951,e4 e5 Nf3 d6 d4 exd4 Nxd4 Nf6 Nc3 Nc6,10,white,0.26666666666666666,0.0,0.7333333333333333,15
952,e4 e5 Nf3 Nc6 Bb5 Nge7 O-O a6 Bxc6 Nxc6,10,white,0.3684210526315789,0.10526315789473684,0.5263157894736842,19
953,e4 Nc6 d4 e5 d5 Nce7 c4 Ng6 Nc3 Bc5 Nf3 Nf6,12,white,0.5,0.0,0.5,12
955,e4 e5 Nf3 Nc6 Bc4 Bc5 c3 Nf6 d4 exd4 cxd4 Bb4+ Bd2 Bxd2+,14,white,0.3877551020408163,0.04081632653061224,0.5714285714285714,49
956,e4 e5 Qh5 d6 Bc4 g6 Qf3 Nf6 d3 Bg7 Bg5 O-O,12,white,0.36666666666666664,0.06666666666666667,0.5666666666666667,30
957,d4 d5 c4 dxc4 e4 e6 Bxc4 Nf6 Nc3 Bb4,10,white,0.6428571428571429,0.07142857142857142,0.2857142857142857,14
958,e4 e5 Nf3 d6 d4 Be7 dxe5 dxe5 Qxd8+ Bxd8,10,white,0.5789473684210527,0.0,0.42105263157894735,19
959,e4 c6 d4 d5 Nc3 dxe4 Nxe4 Nf6 Nxf6+ exf6 c3 Bd6,12,white,0.5333333333333333,0.0,0.4666666666666667,15
960,e4 d5 exd5 Qxd5 Nc3 Qe6+ Qe2 Nc6 Qxe6 Bxe6 Bb5 Bd7,12,white,0.6086956521739131,0.08695652173913043,0.30434782608695654,23
961,e4 e5 Nf3 Nc6 Bc4 Bc5 c3 d6 d4 Bb6,10,white,0.6,0.0,0.4,15
962,e4 e5 Nf3 Nc6 Nc3 Bc5 Nxe5 Bxf2+ Kxf2 Nxe5,10,white,0.6923076923076923,0.0,0.3076923076923077,13
963,e4 e5 Nf3 Nc6 d4 exd4 Bb5 Bc5 O-O Nge7 Ng5 O-O Nxh7 Kxh7 Qh5+ Kg8,16,white,0.8666666666666667,0.0,0.13333333333333333,15
964,e4 e5 Nf3 Nc6 Bb5 d6 O-O Bd7 d4 exd4,10,white,0.5333333333333333,0.06666666666666667,0.4,15
965,e4 e5 Nf3 Nc6 d4 exd4 Nxd4 Nxd4 Qxd4 d6 Nc3 Be6,12,white,0.42857142857142855,0.0,0.5714285714285714,14
966,e4 e5 Nf3 Nc6 Nc3 Bc5 Bc4 Nf6 O-O O-O,10,white,0.42105263157894735,0.05263157894736842,0.5263157894736842,19
967,e4 e6 Nf3 d5 e5 c5 c3 Nc6 d4 Nge7,10,white,0.5,0.0,0.5,12
968,e4 d5 exd5 Qxd5 Nc3 Qd8 Nf3 e6 Bb5+ c6,10,white,0.5384615384615384,0.07692307692307693,0.38461538461538464,13
969,e4 e5 Nf3 Nc6 Bb5 d6 Bxc6+ bxc6 O-O Nf6,10,white,0.2972972972972973,0.08108108108108109,0.6216216216216216,37
970,e4 c5 Qh5 d6 Bc4 g6 Qf3 Nf6 d3 Bg7,10,white,0.16666666666666666,0.3333333333333333,0.5,12
971,e4 c5 f4 g6 Nf3 Bg7 c3 Nc6 d4 cxd4,10,white,0.3076923076923077,0.0,0.6923076923076923,13
972,e4 e5 Nf3 Nc6 Bc4 Bc5 c3 d6 d4 exd4 cxd4 Bb4+ Bd2 Bxd2+ Nbxd2 Bg4,16,white,0.5882352941176471,0.0,0.4117647058823529,17
973,e4 e6 Nf3 d5 exd5 exd5 Qe2+ Be7 d4 Nf6,10,white,0.35714285714285715,0.07142857142857142,0.5714285714285714,14
974,e4 c5 Nf3 Nc6 d4 cxd4 Nxd4 e6 Nxc6 bxc6,10,white,0.5416666666666666,0.041666666666666664,0.4166666666666667,24
975,e4 e5 Nf3 Nc6 Bc4 Bc5 c3 Nf6 d3 O-O,10,white,0.5714285714285714,0.0,0.42857142857142855,35
976,e4 c5 Nf3 Nc6 d4 cxd4 Nxd4 Nxd4 Qxd4 Nf6,10,white,0.5757575757575758,0.030303030303030304,0.3939393939393939,33
977,e4 e5 Nf3 Nc6 Bb5 Nge7 O-O g6 c3 Bg7 d4 exd4,12,white,0.6285714285714286,0.02857142857142857,0.34285714285714286,35
978,e4 c5 Bc4 e6 d3 d5 exd5 exd5 Bb5+ Nc6,10,white,0.38461538461538464,0.0,0.6153846153846154,13
979,e4 e5 Nf3 Nc6 d4 exd4 Nxd4 Nxd4 Qxd4 d6 Nc3 Qf6,12,white,0.25,0.08333333333333333,0.6666666666666666,12
980,e4 c5 Bc4 e6 Nf3 d5 exd5 exd5 Bb5+ Bd7,10,white,0.3548387096774194,0.16129032258064516,0.4838709677419355,31
981,e4 d5 exd5 Qxd5 Nc3 Qd8 Nf3 Nf6 Bc4 e6,10,white,0.375,0.041666666666666664,0.5833333333333334,24
982,e4 c5 Bc4 Nc6 Nf3 e6 d3 d5 exd5 exd5,10,white,0.3076923076923077,0.07692307692307693,0.6153846153846154,13
984,e4 c5 Nf3 Nc6 d4 cxd4 Nxd4 Qb6 Nxc6 bxc6,10,white,0.26666666666666666,0.06666666666666667,0.6666666666666666,15
985,e4 e5 Nf3 Nc6 Bb5 d6 d4 exd4 Nxd4 Bd7 Nxc6 Bxc6 Bxc6+ bxc6,14,white,0.6153846153846154,0.038461538461538464,0.34615384615384615,26
986,e4 e5 Nf3 d6 d4 exd4 Nxd4 Nf6 Nc3 Bd7,10,white,0.2702702702702703,0.02702702702702703,0.7027027027027027,37
987,e4 c5 Nf3 Nc6 d4 cxd4 Nxd4 Nf6 Nc3 g6,10,white,0.5238095238095238,0.047619047619047616,0.42857142857142855,21
989,e4 e5 Nf3 Nc6 d4 d6 d5 Nd4 Nxd4 exd4,10,white,0.6875,0.0625,0.25,16
990,e4 e5 Nf3 Nc6 d4 exd4 Bc4 Be7 c3 d6,10,white,0.6428571428571429,0.14285714285714285,0.21428571428571427,14
995,e4 e5 Nf3 d6 Bc4 Nf6 Ng5 d5 exd5 Nxd5,10,white,0.6071428571428571,0.03571428571428571,0.35714285714285715,28
996,e4 e5 Qh5 Nc6 Bc4 g6 Qf3 Nf6 Ne2 Bg7,10,white,0.37037037037037035,0.018518518518518517,0.6111111111111112,54
997,e4 e5 Nf3 Nc6 Bc4 h6 d4 exd4 Nxd4 Ne5,10,white,0.7692307692307693,0.038461538461538464,0.19230769230769232,26
998,e4 c5 Nf3 e6 d4 d5 exd5 exd5 dxc5 Nf6,10,white,0.3076923076923077,0.0,0.6923076923076923,26
999,e4 e5 Nf3 Nc6 d4 d6 dxe5 dxe5 Qxd8+ Kxd8,10,white,0.6326530612244898,0.10204081632653061,0.2653061224489796,49
1000,e4 d5 exd5 Qxd5 Nc3 Qa5 Nf3 Bg4 Be2 c6,10,white,0.46153846153846156,0.0,0.5384615384615384,13
1002,d4 d5 c4 Nc6 Nc3 Nf6 cxd5 Nxd5 e4 Nxc3 bxc3 e5 d5 Ne7,14,white,0.8260869565217391,0.0,0.17391304347826086,23
1003,e4 e5 Nf3 Nc6 Bc4 Bc5 c3 h6 d4 exd4 cxd4 Bb6,12,white,0.6111111111111112,0.1111111111111111,0.2777777777777778,18
1004,Nf3 Nf6 d4 g6 c4 Bg7 Nc3 O-O e4 d6 Be2 e5 O-O Nc6,14,white,0.6842105263157895,0.05263157894736842,0.2631578947368421,19
1005,e4 e5 Nf3 Nc6 d4 exd4 Nxd4 Bc5 Be3 Qf6,10,white,0.345679012345679,0.024691358024691357,0.6296296296296297,81
1006,e4 c5 Nf3 Nc6 d4 cxd4 Nxd4 e5 Nf3 Nf6 Nc3 Bb4,12,white,0.32,0.04,0.64,25
1007,e4 c5 Nf3 Nc6 c3 e6 d4 cxd4 cxd4 d5,10,white,0.3333333333333333,0.047619047619047616,0.6190476190476191,21
1008,e4 e5 Nf3 Nc6 Bb5 d6 d4 exd4 Qxd4 Bd7 Bxc6 Bxc6,12,white,0.6071428571428571,0.10714285714285714,0.2857142857142857,28
1009,e4 e5 Nf3 Nc6 Bb5 d6 Bxc6+ bxc6 d4 Bg4 dxe5 Bxf3,12,white,0.47058823529411764,0.0,0.5294117647058824,17
1010,e4 e5 Nf3 Nc6 Bc4 Bc5 c3 Nf6 d4 exd4 cxd4 Bb6,12,white,0.6666666666666666,0.06666666666666667,0.26666666666666666,30
1011,e4 e5 Nf3 d6 d4 exd4 Nxd4 Nf6 Nc3 Be7,10,white,0.5694444444444444,0.037037037037037035,0.39351851851851855,216
1012,e4 e5 Nf3 d6 d4 exd4 Nxd4 Nf6 Nc3 c5,10,white,0.7666666666666667,0.0,0.23333333333333334,30
1013,e4 e5 Nf3 Nc6 Bc4 d6 d4 exd4 Nxd4 Nxd4 Qxd4 Qf6,12,white,0.42857142857142855,0.07142857142857142,0.5,14
1014,d4 d5 Nc3 Nf6 Bf4 Bf5 Nb5 Na6 a3 c6 Nc3 e6,12,white,0.6875,0.0,0.3125,16
1015,e4 e5 Nf3 Nc6 Bb5 Nd4 Bc4 Nxf3+ Qxf3 Nf6,10,white,0.45,0.05,0.5,20
1017,e4 e5 Nf3 Nc6 Bb5 a6 Ba4 Nf6 O-O Nxe4 d4 b5 Bb3 d5 dxe5 Be6 Nbd2 Be7,18,white,0.8333333333333334,0.08333333333333333,0.08333333333333333,12
1018,e4 e5 Nc3 Nc6 Nf3 Nf6 d4 exd4 Nxd4 Nxd4,10,white,0.5217391304347826,0.043478260869565216,0.43478260869565216,23
1019,e4 e5 Nf3 Nf6 Nxe5 Nxe4 Qe2 d5 d3 Qe7 dxe4 Qxe5,12,white,0.75,0.0,0.25,12
1020,e4 e5 Bc4 Nc6 Qh5 g6 Qf3 Nf6 c3 Bg7,10,white,0.5555555555555556,0.05555555555555555,0.3888888888888889,18
1021,d4 Nf6 c4 e6 Nc3 d5 Nf3 Be7 Bg5 h6 Bh4 O-O,12,white,0.6363636363636364,0.0,0.36363636363636365,22
1022,e4 e6 Nf3 d5 exd5 exd5 d4 Nf6 Bd3 Bd6 O-O O-O,12,white,0.375,0.025,0.6,40
1023,e4 e5 Nf3 Nc6 Bb5 Nf6 d3 a6 Bxc6 dxc6,10,white,0.75,0.0,0.25,12
1024,e4 c6 d4 d5 Nc3 dxe4 Nxe4 Bf5 Ng3 Bg6 h4 h6 Nf3 Nd7,14,white,0.5333333333333333,0.06666666666666667,0.4,15
1025,e4 c5 Nf3 Nc6 d4 cxd4 Nxd4 e5 Nb5 Nf6 Nb1c3 Bb4,12,white,0.6923076923076923,0.0,0.3076923076923077,13
1026,d4 d5 c4 Nc6 Nc3 Nf6 cxd5 Nxd5 e4 Nxc3,10,white,0.8064516129032258,0.0,0.1935483870967742,62
1027,e4 c5 Nf3 Nc6 Bc4 e6 d4 cxd4 Nxd4 Nxd4,10,white,0.5294117647058824,0.058823529411764705,0.4117647058823529,17
1028,e4 c6 d4 d5 exd5 cxd5 c4 Nf6 Nc3 Nc6,10,white,0.5172413793103449,0.0,0.4827586206896552,29
1030,e4 e5 Nf3 Nc6 Bb5 a6 Ba4 Nf6 Nc3 b5,10,white,0.5,0.0,0.5,30
1031,e4 e5 Nf3 Nc6 d4 d6 dxe5 Nxe5 Nxe5 dxe5,10,white,0.6078431372549019,0.058823529411764705,0.3333333333333333,51
1032,e4 e5 Nf3 d6 d4 exd4 Qxd4 Nc6 Bb5 Bd7 Bxc6 Bxc6,12,white,0.6086956521739131,0.021739130434782608,0.3695652173913043,46
1033,e4 e5 Nf3 Nc6 Bb5 d6 h3 Bd7 O-O a6,10,white,0.8181818181818182,0.045454545454545456,0.13636363636363635,22
1035,e4 e5 Nf3 Nc6 Bb5 Nf6 O-O a6 Bxc6 dxc6,10,white,0.7692307692307693,0.07692307692307693,0.15384615384615385,13
1038,e4 e5 Bc4 Nf6 d3 d5 exd5 Nxd5 Qf3 c6,10,white,0.65,0.0,0.35,20
1039,e4 e5 Nf3 d6 Bc4 Bg4 h3 Bxf3 Qxf3 Qf6 Qxf6 Nxf6,12,white,0.3888888888888889,0.1111111111111111,0.5,36
1041,d4 d5 c4 e6 Nc3 Nf6 Bg5 Be7 e3 b6,10,white,0.7142857142857143,0.0,0.2857142857142857,14
1042,e4 c5 Nf3 Nc6 d4 cxd4 Nxd4 e5 Nxc6 bxc6 Bc4 Nf6,12,white,0.3448275862068966,0.017241379310344827,0.6379310344827587,58
1043,d4 e6 Nf3 d5 g3 Nf6 Bg2 c5 O-O cxd4 Nxd4 Nc6,12,white,0.7,0.0,0.3,20
1044,e4 e5 Nf3 d6 d4 Qe7 dxe5 dxe5 Nc3 c6,10,white,0.5384615384615384,0.0,0.46153846153846156,13
1045,e4 e6 d4 d5 Nc3 Nf6 Bg5 Be7 e5 Nfd7 h4 a6,12,white,0.38095238095238093,0.09523809523809523,0.5238095238095238,21
1046,e4 e5 Qh5 d6 Bc4 g6 Qf3 Nf6 h3 Bg7,10,white,0.42857142857142855,0.0,0.5714285714285714,14
1048,e4 e5 Nf3 Nc6 Bc4 Bc5 d3 h6 Nc3 d6,10,white,0.23529411764705882,0.0,0.7647058823529411,17
1049,e4 e5 Nf3 Nc6 d4 exd4 Bc4 Bc5 c3 dxc3 Bxf7+ Kxf7,12,white,0.6571428571428571,0.05714285714285714,0.2857142857142857,35
1050,e4 e5 Bc4 Nf6 Nf3 Nc6 Ng5 d5 exd5 Na5,10,white,0.45161290322580644,0.06451612903225806,0.4838709677419355,31
1051,d4 d5 c4 e6 Nc3 Nf6 Nf3 Be7 Bg5 O-O e3 Nbd7,12,white,0.6666666666666666,0.0,0.3333333333333333,21
1052,e4 e5 Nf3 Nc6 Bc4 h6 Nc3 Bc5 d3 Nf6,10,white,0.7857142857142857,0.0,0.21428571428571427,14
1053,e4 e5 Nf3 Nc6 Bc4 Nf6 Ng5 d5 exd5 Na5 Bb5+ c6 dxc6 bxc6 Be2 h6,16,white,0.28,0.0,0.72,25
1054,e4 d5 exd5 Nf6 Nc3 Nxd5 Nxd5 Qxd5 d4 Nc6,10,white,0.2962962962962963,0.037037037037037035,0.6666666666666666,27
1055,d4 d5 c4 dxc4 e3 b5 a4 c6 axb5 cxb5 Qf3 Nc6,12,white,0.6086956521739131,0.043478260869565216,0.34782608695652173,23
1056,e4 e5 Nf3 Nc6 Bc4 h6 Nc3 Nf6 d3 Bb4,10,white,0.46153846153846156,0.07692307692307693,0.46153846153846156,52
1059,e4 e5 Nf3 d6 Bc4 Bg4 h3 Bh5 g4 Bg6,10,white,0.45714285714285713,0.10476190476190476,0.4380952380952381,105
1060,e4 Nc6 d4 e5 d5 Nce7 c4 Ng6 g3 Bc5,10,white,0.5,0.0,0.5,12
1061,e4 Nc6 d4 e5 d5 Nce7 c4 Ng6 Nc3 Nf6,10,white,0.4166666666666667,0.08333333333333333,0.5,24
1062,e4 e5 Bc4 Nf6 d3 d5 exd5 Nxd5 Qf3 Nf6,10,white,0.43478260869565216,0.0,0.5652173913043478,23
1063,e4 e5 Nf3 Nc6 Bc4 Bc5 b4 Bxb4 c3 Bc5,10,white,0.4375,0.03125,0.53125,64
1064,d4 d5 c4 e6 Nc3 Nf6 Nf3 Be7 Bf4 O-O,10,white,0.5882352941176471,0.11764705882352941,0.29411764705882354,17
1065,e4 d5 exd5 Qxd5 Nc3 Qd8 Nf3 Nf6 d3 e6,10,white,0.5384615384615384,0.0,0.46153846153846156,13
1066,e4 e5 Nf3 Nc6 d4 exd4 Nxd4 Nxd4 Qxd4 Ne7,10,white,0.5,0.058823529411764705,0.4411764705882353,34
1067,e4 c6 f4 d5 exd5 cxd5 d4 Nc6 Nf3 Bg4,10,white,0.21052631578947367,0.0,0.7894736842105263,19
1069,e4 Nc6 Nf3 e5 Bc4 Nf6 Ng5 d5 exd5 Na5 Bb5+ c6 dxc6 bxc6 Ba4 h6,16,white,0.5,0.0,0.5,14
1070,d4 c6 c4 d5 Nc3 e6 Nf3 Nf6 Bg5 Be7,10,white,0.75,0.05,0.2,20
1071,d4 d5 c4 Nc6 cxd5 Qxd5 e3 e5 Nc3 Bb4 Bd2 Bxc3,12,white,0.8863636363636364,0.0,0.11363636363636363,44
1072,d4 d5 c4 dxc4 Nc3 Nf6 e4 e6 Bxc4 Bb4,10,white,0.6818181818181818,0.0,0.3181818181818182,22
1073,e4 d5 exd5 Qxd5 Nc3 Qe5+ Qe2 Qxe2+ Bxe2 e6,10,white,0.6153846153846154,0.0,0.38461538461538464,26
1074,d4 d5 c4 dxc4 Nc3 Nf6 e4 e6 e5 Nd5,10,white,0.5833333333333334,0.0,0.4166666666666667,12
1075,e4 b6 Nf3 Bb7 Nc3 e6 d4 Bb4 Bd3 Bxc3+,10,white,0.5853658536585366,0.024390243902439025,0.3902439024390244,41
1076,e4 e5 Nf3 Nc6 Bc4 Nf6 Ng5 d5 exd5 Na5 d3 Nxc4,12,white,0.5833333333333334,0.0,0.4166666666666667,24
1077,e4 e5 Nf3 Nc6 Bc4 Bc5 O-O Nf6 c3 Nxe4,10,white,0.6153846153846154,0.0,0.38461538461538464,13
1078,e4 e5 Nf3 Nc6 Bc4 Bc5 d3 Nf6 O-O O-O,10,white,0.5555555555555556,0.0,0.4444444444444444,18
1079,e4 c5 Nf3 Nc6 d4 cxd4 Nxd4 e6 Nc3 a6,10,white,0.5,0.0,0.5,16
1080,e4 e5 Nf3 Nc6 Bc4 Nf6 Ng5 d5 exd5 Na5 Bb5+ c6,12,white,0.3382352941176471,0.029411764705882353,0.6323529411764706,136
1081,d4 Nf6 c4 e6 Nc3 d5 Nf3 Be7 Bg5 h6,10,white,0.5714285714285714,0.0,0.42857142857142855,28
1082,e4 c5 Nf3 Nc6 Bb5 g6 Bxc6 bxc6 d4 cxd4 Qxd4 Nf6,12,white,0.4666666666666667,0.0,0.5333333333333333,15
1083,e4 c6 d4 d5 Nc3 dxe4 f3 exf3 Nxf3 Bg4 Bc4 e6,12,white,0.75,0.0,0.25,12
1084,e4 c5 Nf3 e6 d4 d5 exd5 exd5 dxc5 Bxc5,10,white,0.43333333333333335,0.06666666666666667,0.5,30
1085,e4 c5 Nf3 d6 Nc3 Nc6 d4 cxd4 Nxd4 Nxd4 Qxd4 e5,12,white,0.5,0.08333333333333333,0.4166666666666667,12
1086,e4 e5 Nf3 Nc6 Bc4 h6 d4 exd4 Nxd4 Nxd4 Qxd4 Qf6,12,white,0.5714285714285714,0.047619047619047616,0.38095238095238093,21
1087,e4 e5 Nf3 Nc6 Bb5 a6 Ba4 Nf6 O-O Be7 Re1 b5 Bb3 O-O c3 d5 exd5 Nxd5,18,white,0.1875,0.0625,0.75,16
1088,e4 e5 Qh5 Nc6 Bc4 g6 Qf3 Nf6 Ne2 Bg7 d3 O-O,12,white,0.5185185185185185,0.0,0.48148148148148145,27
1089,e4 e5 Nf3 Nc6 Bb5 Nf6 d3 Bc5 Bxc6 dxc6,10,white,0.42857142857142855,0.14285714285714285,0.42857142857142855,14
1090,e4 c6 Nf3 d5 exd5 cxd5 d4 Nc6 Bd3 Bg4 c3 e6,12,white,0.3076923076923077,0.0,0.6923076923076923,13
1091,e4 e5 Nf3 d6 d4 Bg4 dxe5 Bxf3 Qxf3 dxe5 Bc4 f6,12,white,0.5789473684210527,0.05263157894736842,0.3684210526315789,19
1092,e4 e5 Nf3 Nc6 d4 exd4 Nxd4 Qh4 Nxc6 Qxe4+,10,white,0.2222222222222222,0.0,0.7777777777777778,18
1094,e4 e5 Nf3 d6 Bc4 Bg4 h3 Bxf3 Qxf3 Qf6,10,white,0.46987951807228917,0.060240963855421686,0.46987951807228917,83
1095,e4 e5 Nf3 Nc6 Bb5 Nge7 Nc3 a6 Ba4 b5,10,white,0.5263157894736842,0.10526315789473684,0.3684210526315789,19
1096,e4 b6 Nf3 Bb7 Nc3 e6 Bc4 Bb4 d3 Bxc3+,10,white,0.3076923076923077,0.07692307692307693,0.6153846153846154,13
1097,e4 c5 Nf3 Nc6 d4 cxd4 Nxd4 g6 c4 Bg7,10,white,0.6851851851851852,0.09259259259259259,0.2222222222222222,54
1098,e4 e5 Nf3 d6 d4 exd4 Nxd4 Nf6 Nc3 Be7 Bd3 O-O,12,white,0.6190476190476191,0.0,0.38095238095238093,21
1099,e4 e5 Nf3 Nc6 Bb5 a6 Ba4 b5 Bb3 Na5,10,white,0.5333333333333333,0.03333333333333333,0.43333333333333335,30
1100,e4 e5 Nf3 Nc6 Bb5 d6 d4 exd4 Nxd4 Bd7 Nxc6 bxc6,12,white,0.35714285714285715,0.0,0.6428571428571429,14
1101,e4 e6 Nf3 d5 exd5 exd5 d4 Nf6 Nc3 Bd6 Bg5 c6,12,white,0.2916666666666667,0.08333333333333333,0.625,24
1102,e4 e5 Nf3 Nc6 Bb5 Bc5 c3 d6 d4 exd4 cxd4 Bb6 d5 a6,14,white,0.9166666666666666,0.0,0.08333333333333333,12
1103,e4 Nf6 e5 Nd5 d4 d6 c4 Nb6 exd6 exd6,10,white,0.36,0.08,0.56,25
1104,e4 e5 Nf3 Nc6 Bb5 a6 Ba4 Nf6 O-O Nxe4 d4 b5,12,white,0.59375,0.0,0.40625,32
1105,e4 e5 Nf3 Nc6 d4 exd4 Nxd4 d5 Nxc6 bxc6,10,white,0.39285714285714285,0.0,0.6071428571428571,28
1106,e4 e5 Nf3 Nc6 Bc4 Bc5 c3 Nf6 d4 exd4 cxd4 Bb4+ Nc3 Nxe4 O-O Bxc3,16,white,0.3783783783783784,0.08108108108108109,0.5405405405405406,37
1107,e4 e5 Nf3 Nc6 Bb5 a6 Ba4 Nf6 O-O b5 Bb3 Be7 Re1 O-O,14,white,0.48717948717948717,0.0,0.5128205128205128,39
1108,e4 e5 Nf3 Nc6 d4 exd4 Nxd4 Nxd4 Qxd4 Nf6,10,white,0.5119617224880383,0.03349282296650718,0.45454545454545453,209
1111,e4 e5 Nf3 Nc6 Bb5 d6 Bxc6+ bxc6 O-O Bg4,10,white,0.37037037037037035,0.1111111111111111,0.5185185185185185,27
1112,e4 c5 Nf3 d6 Bc4 e6 d4 cxd4 Nxd4 Nc6,10,white,0.5,0.0,0.5,14
1113,e4 e6 d4 d5 Nc3 Nf6 Bg5 Be7 e5 Nfd7 h4 Bxg5 hxg5 Qxg5,14,white,0.4782608695652174,0.043478260869565216,0.4782608695652174,23
1115,e4 e5 Nf3 Nc6 d4 exd4 Nxd4 Nxd4 Qxd4 Nf6 e5 c5,12,white,0.5882352941176471,0.11764705882352941,0.29411764705882354,17
1116,e4 e5 Nf3 Nc6 Bc4 Bc5 c3 Nf6 d4 exd4 cxd4 Bb4+ Bd2 Nxe4,14,white,0.47619047619047616,0.09523809523809523,0.42857142857142855,21
1117,e4 e5 Nf3 d6 Bc4 Be6 Bxe6 fxe6 Nc3 Nf6,10,white,0.3684210526315789,0.05263157894736842,0.5789473684210527,19
1118,e4 Nc6 Nf3 e5 Nc3 Nf6 d4 exd4 Nxd4 Bb4 Nxc6 bxc6,12,white,0.5,0.0,0.5,14
1119,e4 e5 Nf3 d6 Bc4 Be7 d4 exd4 Qxd4 Nf6,10,white,0.5,0.0,0.5,20
1120,e4 e5 Nf3 Nc6 Bc4 Bc5 c3 Nf6 O-O O-O,10,white,0.5384615384615384,0.07692307692307693,0.38461538461538464,13
1121,e4 d5 exd5 Qxd5 Nc3 Qa5 d4 Nf6 Bd2 Bg4,10,white,0.3448275862068966,0.06896551724137931,0.5862068965517241,29
1122,d4 d5 c4 c6 Nc3 e6 Nf3 dxc4 e4 b5,10,white,0.6153846153846154,0.0,0.38461538461538464,13
1123,e4 e5 Nf3 Nc6 d4 exd4 Nxd4 Nxd4 Qxd4 Ne7 Nc3 Nc6,12,white,0.5,0.08333333333333333,0.4166666666666667,12
1124,e4 e5 Nf3 d6 Bc4 h6 O-O Nf6 d3 Be7,10,white,0.5333333333333333,0.06666666666666667,0.4,15
1125,e4 e5 Nf3 Nc6 Bb5 a6 Ba4 Nf6 O-O Nxe4 Re1 Nc5,12,white,0.3333333333333333,0.0,0.6666666666666666,21
1126,e4 e5 Nf3 Nc6 Bb5 a6 Bxc6 dxc6 Nxe5 Qd4 Qh5 Qxe4+,12,white,0.125,0.0625,0.8125,16
1127,e4 c5 Nf3 Nc6 d4 cxd4 Nxd4 e5 Nb5 Nf6 Nd6+ Bxd6,12,white,0.07692307692307693,0.0,0.9230769230769231,13
1128,e4 e5 Nf3 Nc6 Bc4 h6 d3 Nf6 Nc3 Bb4,10,white,0.6363636363636364,0.0,0.36363636363636365,22
1129,e4 e5 Nf3 Nc6 Bb5 d6 h3 Nf6 d3 Be7,10,white,0.40625,0.0,0.59375,32
1130,e4 e5 Nf3 d5 exd5 e4 Qe2 f5 d3 Nf6,10,white,0.5714285714285714,0.0,0.42857142857142855,14
1131,e4 e5 Nf3 Nc6 d4 exd4 Nxd4 Nxd4 Qxd4 Qf6 e5 Qb6,12,white,0.75,0.0,0.25,12
1132,e4 e5 Bc4 Nf6 Nf3 Nc6 Ng5 d5 exd5 Nxd5,10,white,0.4838709677419355,0.03225806451612903,0.4838709677419355,62
1133,e4 e5 Nf3 Nc6 Bc4 d6 d4 Bg4 dxe5 Nxe5,10,white,0.6666666666666666,0.06666666666666667,0.26666666666666666,15
1134,e4 c5 c3 d6 d4 cxd4 cxd4 Nf6 Nc3 g6,10,white,0.47058823529411764,0.0,0.5294117647058824,17
1135,e4 c5 Nf3 Nc6 d4 cxd4 Nxd4 Nf6 Nc3 d6 Bc4 e6,12,white,0.35,0.05,0.6,20
1137,e4 e5 Nf3 Nc6 Bc4 Bc5 d3 d6 Ng5 Be6,10,white,0.35714285714285715,0.0,0.6428571428571429,14
1138,e4 c6 d4 d5 Nc3 dxe4 Nxe4 Bf5 Ng3 Bg6 Nf3 e6,12,white,0.26666666666666666,0.1,0.6333333333333333,30
1139,d4 d5 c4 e6 a3 Nf6 Nc3 c5 dxc5 Bxc5,10,white,0.25,0.08333333333333333,0.6666666666666666,12
1140,e4 e5 Nf3 Nc6 d4 exd4 Nxd4 Nxd4 Qxd4 b6 Nc3 Bc5,12,white,0.625,0.0,0.375,16
1141,e4 d5 exd5 Qxd5 Nc3 Qd8 Nf3 Nf6 Bc4 Nc6,10,white,0.7692307692307693,0.0,0.23076923076923078,13
1142,e4 e5 Nf3 Nc6 Bb5 Bc5 Bxc6 dxc6 O-O Nf6,10,white,0.4444444444444444,0.0,0.5555555555555556,18
1143,e4 e5 f4 exf4 Nf3 Be7 Bc4 Bh4+ Kf1 d6,10,white,0.52,0.04,0.44,25
1144,e4 e5 Nf3 d6 d4 exd4 Nxd4 c5 Nf3 Bg4,10,white,0.42857142857142855,0.047619047619047616,0.5238095238095238,21
1146,e4 e5 Nf3 Nc6 Bc4 Nf6 Ng5 d5 exd5 Nd4 c3 b5,12,white,0.5263157894736842,0.10526315789473684,0.3684210526315789,19
1147,e4 e5 Nf3 Nc6 Bc4 d6 d3 Bg4 h3 Bh5,10,white,0.46153846153846156,0.05128205128205128,0.48717948717948717,39
1148,e4 Nf6 Nc3 d5 e5 d4 exf6 dxc3 fxg7 cxd2+,10,white,0.6,0.0,0.4,15
1149,e4 e5 Nf3 Nc6 Bb5 d6 O-O Nf6 Re1 Be7,10,white,0.59375,0.03125,0.375,32
1151,e4 e5 Nf3 d6 d4 Bg4 dxe5 Bxf3 Qxf3 dxe5 Bc4 Nf6 Bg5 Be7,14,white,0.4166666666666667,0.0,0.5833333333333334,24
1152,e4 Nf6 e5 Nd5 c4 Nb6 d4 d6 f4 dxe5,10,white,0.47619047619047616,0.0,0.5238095238095238,21
1153,e4 c5 Nf3 Nc6 d4 cxd4 Nxd4 g6 Nc3 Bg7 Be3 e6,12,white,0.5333333333333333,0.06666666666666667,0.4,15
1154,d4 d5 c4 e6 Nf3 Nf6 g3 Be7 Bg2 O-O,10,white,0.8125,0.125,0.0625,16
1155,e4 d5 exd5 Qxd5 Nc3 Qa5 Nf3 Nf6 Bc4 Bg4,10,white,0.5,0.041666666666666664,0.4583333333333333,24
1156,e4 c5 Nf3 Nc6 d4 cxd4 Nxd4 g6 c4 Bg7 Be3 Nf6,12,white,0.5925925925925926,0.07407407407407407,0.3333333333333333,27
1157,e4 d5 exd5 Qxd5 Nc3 Qd8 Nf3 e6 d4 h6,10,white,0.5789473684210527,0.05263157894736842,0.3684210526315789,19
1158,e4 e5 Nf3 Nc6 Bb5 Bc5 Bxc6 dxc6 Nxe5 Qd4,10,white,0.21428571428571427,0.0,0.7857142857142857,28
1159,e4 e5 Nf3 d6 d4 Bg4 dxe5 Nd7 exd6 Bxd6,10,white,0.4444444444444444,0.0,0.5555555555555556,18
1160,e4 e5 Nf3 Nc6 Bc4 Nf6 Ng5 d5 exd5 Nb4,10,white,0.6666666666666666,0.0,0.3333333333333333,12
1162,e4 c5 Nf3 Nc6 d4 cxd4 Nxd4 d6 Nc3 g6,10,white,0.6,0.05,0.35,20
1164,e4 e5 Nf3 Nc6 Bb5 a6 Ba4 Nf6 d3 Be7,10,white,0.375,0.0,0.625,16
1165,e4 e5 Nf3 Nc6 Bb5 Nf6 Bxc6 bxc6 d3 d5,10,white,0.8571428571428571,0.0,0.14285714285714285,14
1166,e4 Nf6 e5 Nd5 c4 Nb6 c5 Nd5 d4 d6,10,white,0.2727272727272727,0.045454545454545456,0.6818181818181818,22
1167,e4 d5 exd5 Qxd5 Nc3 Qe5+ Be2 Bg4 d4 Bxe2 Ngxe2 Qa5 O-O c6,14,white,0.3076923076923077,0.07692307692307693,0.6153846153846154,13
1168,d4 d5 c4 c6 Nc3 Nf6 Bg5 e6 e3 Be7,10,white,0.5384615384615384,0.0,0.46153846153846156,13
1169,e4 c5 Nf3 Nc6 Bb5 g6 Bxc6 bxc6 d4 cxd4,10,white,0.47058823529411764,0.0,0.5294117647058824,17
1170,e4 Nf6 e5 Nd5 d4 d6 c4 Nb6 exd6 cxd6,10,white,0.5384615384615384,0.07692307692307693,0.38461538461538464,13
1172,d4 b6 c4 Bb7 Nc3 e6 e4 Bb4 Bd3 Nf6,10,white,0.47368421052631576,0.05263157894736842,0.47368421052631576,19
1174,e4 c5 Nf3 Nc6 d4 cxd4 Nxd4 d6 Nc3 Nf6,10,white,0.47368421052631576,0.05263157894736842,0.47368421052631576,19
1175,e4 e6 Nf3 d5 exd5 exd5 d4 Nf6 Nc3 Be7,10,white,0.18867924528301888,0.05660377358490566,0.7547169811320755,53
1176,e4 e5 Nf3 Nc6 Bc4 Bc5 c3 h6 d4 exd4,10,white,0.5,0.043478260869565216,0.45652173913043476,46
1177,e4 e5 Nf3 Nc6 Bb5 Nge7 O-O g6 c3 Bg7 d4 exd4 cxd4 O-O,14,white,0.45,0.1,0.45,20
1178,e4 e6 d4 d5 Nd2 Nf6 e5 Nfd7 Bd3 c5 c3 Nc6 Ne2 cxd4,14,white,0.38461538461538464,0.3076923076923077,0.3076923076923077,13
1179,e4 e5 Nf3 Nc6 Bc4 Nf6 Ng5 d5 exd5 Na5 Bb5+ Bd7,12,white,0.7741935483870968,0.03225806451612903,0.1935483870967742,31
1180,e4 c5 Nf3 Nc6 d4 cxd4 Nxd4 e5 Nb5 d6 c4 a6 Nb5a3 Nf6 Nc3 Be7,16,white,0.8333333333333334,0.0,0.16666666666666666,12
1181,e4 d5 exd5 Qxd5 Nc3 Qd8 d4 e6 Nf3 Bb4,10,white,0.6666666666666666,0.1111111111111111,0.2222222222222222,18
1182,e4 c6 d4 d5 Nc3 dxe4 Nxe4 Bf5 Ng3 Bg6 h4 h6,12,white,0.5,0.030303030303030304,0.4696969696969697,66
1183,e4 d5 exd5 Qxd5 Nc3 Qd6 d4 Nf6 Nf3 c6,10,white,0.4230769230769231,0.038461538461538464,0.5384615384615384,26
1184,e4 e5 Nf3 Nc6 Bb5 d6 d4 Bd7 d5 Nce7 Bxd7+ Qxd7,12,white,0.375,0.0625,0.5625,16
1185,e4 Nf6 e5 Nd5 c4 Nb6 c5 Nd5 Nc3 e6,10,white,0.2857142857142857,0.0,0.7142857142857143,14
1186,e4 e5 Qh5 Nc6 Bc4 g6 Qf3 Nf6 c3 Bc5,10,white,0.6,0.1,0.3,20
1188,e4 b6 Nf3 Bb7 Nc3 e6 d4 Bb4 Bd3 Nf6 e5 Nd5 Bd2 Nxc3,14,white,0.4230769230769231,0.038461538461538464,0.5384615384615384,26
1189,d4 d5 c4 c5 dxc5 d4 Nf3 Nc6 e3 e5,10,white,0.4166666666666667,0.0,0.5833333333333334,12
1190,d4 d5 c4 e6 Nc3 Nf6 Nf3 Be7 e3 O-O,10,white,0.48148148148148145,0.0,0.5185185185185185,27
1191,e4 e5 Nf3 Nc6 Bb5 Nd4 Nxd4 exd4 c3 c6,10,white,0.5294117647058824,0.029411764705882353,0.4411764705882353,34
1193,e4 e5 Nf3 Nc6 d4 exd4 Nxd4 Nxd4 Qxd4 d6 Bc4 c5,12,white,0.6666666666666666,0.08333333333333333,0.25,12
1195,e4 e5 Nf3 Nc6 Bb5 d6 O-O Bd7 c3 a6,10,white,0.72,0.04,0.24,25
1196,e4 c5 Nf3 Nc6 d4 cxd4 Nxd4 Nxd4 Qxd4 d6 Bb5+ Bd7,12,white,0.5789473684210527,0.05263157894736842,0.3684210526315789,19
1197,e4 d5 exd5 Qxd5 Nc3 Qe6+ Be2 b6 Nf3 Bb7,10,white,0.8571428571428571,0.0,0.14285714285714285,14
1199,d4 d5 c4 c6 Nc3 Nf6 Nf3 e6 Bg5 Be7 e3 O-O,12,white,0.6666666666666666,0.06666666666666667,0.26666666666666666,15
1200,d4 d5 c4 dxc4 e3 b5 a4 c6 axb5 cxb5 Qf3 Nc6 Qxc6+ Bd7,14,white,0.5652173913043478,0.0,0.43478260869565216,23
1201,e4 e5 Nf3 Nc6 Bc4 Nf6 Ng5 d5 exd5 Nxd5 Nxf7 Kxf7 Qf3+ Ke6,14,white,0.6818181818181818,0.015151515151515152,0.30303030303030304,66
1202,e4 d5 exd5 Qxd5 Nc3 Qd8 Nf3 Nf6 d4 e6 Bg5 Be7,12,white,0.14285714285714285,0.0,0.8571428571428571,14
1203,e4 e5 Nf3 Nc6 Bc4 Nf6 Ng5 d5 exd5 Na5 Bb5+ c6 dxc6 bxc6 Be2 h6 Nf3 e4,18,white,0.4444444444444444,0.0,0.5555555555555556,18
1204,e4 e6 Nf3 d5 e5 c5 d4 Nc6 Bb5 Qb6,10,white,0.3870967741935484,0.03225806451612903,0.5806451612903226,31
1205,e4 e5 Nf3 Nc6 Bc4 Bc5 d3 Nf6 h3 O-O,10,white,0.5,0.0,0.5,14
1206,d4 Nf6 c4 g6 Nc3 Bg7 e4 O-O e5 Ne8,10,white,0.36363636363636365,0.0,0.6363636363636364,22
1208,e4 c5 Nf3 Nc6 Bc4 e6 d4 d5 exd5 exd5,10,white,0.44,0.0,0.56,25
1209,e4 d5 exd5 Qxd5 Nc3 Qa5 d3 a6 Bd2 Qb6,10,white,0.38461538461538464,0.0,0.6153846153846154,13
1212,e4 e6 Nf3 d5 exd5 exd5 d4 Nf6 Bd3 Bd6,10,white,0.4153846153846154,0.015384615384615385,0.5692307692307692,65
1214,e4 e5 Nf3 Nc6 Bc4 Nf6 Ng5 d5 exd5 Nxd5 Nxf7 Kxf7 Qf3+ Qf6,14,white,0.8571428571428571,0.03571428571428571,0.10714285714285714,28
1215,e4 c5 d4 cxd4 c3 dxc3 Nxc3 Nc6 Bc4 e6,10,white,0.4838709677419355,0.03225806451612903,0.4838709677419355,31
1219,e4 c5 Nf3 Nc6 d4 cxd4 Nxd4 Nxd4 Qxd4 e6,10,white,0.5102040816326531,0.061224489795918366,0.42857142857142855,49
1220,e4 e5 Nf3 Nc6 Bc4 Bc5 c3 a6 d4 exd4 cxd4 Bb4+,12,white,0.7692307692307693,0.0,0.23076923076923078,13
1221,e4 e5 Nf3 Nc6 Bb5 a6 Ba4 Nf6 O-O Be7,10,white,0.3878504672897196,0.06542056074766354,0.5467289719626168,214
1222,e4 e5 Nf3 Nc6 Bb5 Nf6 O-O Bc5 c3 O-O d4 exd4,12,white,0.6666666666666666,0.0,0.3333333333333333,12
1223,e4 e6 Nc3 d5 exd5 exd5 d4 Nf6 Nf3 Be7,10,white,0.4666666666666667,0.0,0.5333333333333333,15
1224,e4 e5 Nf3 Nc6 Bb5 Bc5 c3 d6 d4 exd4,10,white,0.5454545454545454,0.09090909090909091,0.36363636363636365,33
1226,e3 e5 b3 d5 Bb2 Nc6 Bb5 Bd6 Bxc6+ bxc6,10,white,0.36,0.0,0.64,25
1227,d4 d5 Nc3 Nf6 Bf4 Bf5 Nb5 Na6 a3 c6,10,white,0.8,0.0,0.2,25
1228,e4 e6 Nf3 d5 exd5 exd5 d4 Nf6 h3 Be7 Bd3 O-O,12,white,0.5,0.0,0.5,18
1229,e4 e5 Nf3 d6 Bc4 h6 d3 Nf6 h3 Be7,10,white,0.23076923076923078,0.0,0.7692307692307693,13
1231,e4 e5 Nf3 Nc6 Bc4 Bc5 c3 Nf6 d4 exd4 cxd4 Bb4+ Nc3 Nxe4 O-O Nxc3,16,white,0.5833333333333334,0.0,0.4166666666666667,24
1232,e4 c6 Nf3 d5 exd5 cxd5 d4 Nf6 Bd3 Bg4,10,white,0.5789473684210527,0.05263157894736842,0.3684210526315789,19
1233,e4 e5 Nf3 d6 d4 exd4 Nxd4 Nf6 Nc3 Be7 Be2 O-O,12,white,0.8148148148148148,0.0,0.18518518518518517,27
1234,e4 e6 Nf3 d5 exd5 exd5 d4 Nf6 h3 c5 Bd3 cxd4,12,white,0.8333333333333334,0.0,0.16666666666666666,18
1235,e4 c5 Nf3 Nc6 Bb5 Nd4 Nxd4 cxd4 O-O a6,10,white,0.75,0.08333333333333333,0.16666666666666666,12
1236,e4 c5 Nf3 Nc6 Bc4 e6 d4 cxd4 Nxd4 Nf6 Nxc6 bxc6,12,white,0.35714285714285715,0.0,0.6428571428571429,14
1237,e4 c5 Nf3 Nc6 Nc3 e6 d4 cxd4 Nxd4 a6,10,white,0.3333333333333333,0.06666666666666667,0.6,15
1238,e4 e5 Nf3 Nc6 Bc4 Bc5 O-O Nf6 c3 O-O d4 exd4,12,white,0.5714285714285714,0.03571428571428571,0.39285714285714285,28
1239,e4 e5 Nf3 Nf6 Nxe5 d6 Nf3 Nxe4 Qe2 Qe7 d3 Nf6 Bg5 Qxe2+ Bxe2 Be7,16,white,0.5384615384615384,0.0,0.46153846153846156,13
1241,e4 e5 Nf3 Nc6 d4 exd4 Bc4 Bc5 c3 dxc3,10,white,0.6333333333333333,0.03333333333333333,0.3333333333333333,60
1242,d4 Nf6 c4 g6 Nc3 Bg7 e4 d6 f3 O-O,10,white,0.5384615384615384,0.038461538461538464,0.4230769230769231,26
1244,e4 d5 exd5 Qxd5 Nc3 Qa5 d4 c6 Bd2 Qc7,10,white,0.4,0.1,0.5,30
1246,e4 e5 Nf3 Nc6 Bc4 Bc5 c3 Nf6 d4 exd4 cxd4 Bb4+ Bd2 Bxd2+ Nbxd2 d5,16,white,0.1875,0.0,0.8125,16
1247,e4 d5 exd5 Qxd5 Nc3 Qe6+ Be2 Nc6 Nf3 Qg6,10,white,0.631578947368421,0.0,0.3684210526315789,57
1248,e4 e5 Nf3 Nf6 Nxe5 d6 Nf3 Nxe4 Nc3 Nxc3,10,white,0.4375,0.0625,0.5,16
1249,e4 e5 Nf3 Nc6 d4 exd4 Nxd4 Nf6 Nxc6 bxc6 Bd3 d5,12,white,0.2857142857142857,0.07142857142857142,0.6428571428571429,14
1250,e4 e5 Nf3 Nc6 Bb5 Nf6 Nc3 a6 Ba4 b5,10,white,0.5384615384615384,0.0,0.46153846153846156,13
1251,d4 d5 e4 dxe4 Nc3 Nf6 f3 exf3 Qxf3 Nc6,10,white,0.3684210526315789,0.0,0.631578947368421,19
1252,e4 e5 Bc4 Nf6 d3 d5 exd5 Nxd5 Nf3 Nc6,10,white,0.6296296296296297,0.0,0.37037037037037035,27
1253,e4 c5 Nf3 Nc6 d4 cxd4 Nxd4 g6 Be3 Bg7 Nc3 Nf6,12,white,0.5384615384615384,0.0,0.46153846153846156,13
1255,e4 e5 Nf3 Nc6 d4 exd4 Nxd4 Bc5 Nxc6 Qf6 Be3 Bxe3,12,white,0.125,0.0,0.875,16
1256,e4 e5 Nf3 Nc6 Bb5 d6 h3 Bd7 c3 a6,10,white,0.6428571428571429,0.0,0.35714285714285715,42
1257,e4 e5 Nf3 Nf6 Nxe5 d6 Nf3 Nxe4 d3 Nf6,10,white,0.3793103448275862,0.06896551724137931,0.5517241379310345,29
1258,e4 c6 d4 d5 Nc3 dxe4 Nxe4 Bf5 Ng3 Bg6 h4 h6 Nf3 Nd7 h5 Bh7,16,white,0.6,0.0,0.4,15
1260,e4 d5 exd5 Qxd5 Nc3 Qe6+ Be2 Nf6 Nf3 g6,10,white,0.375,0.09375,0.53125,32
1263,e4 c5 Nf3 Nc6 d4 cxd4 Nxd4 g6 Nc3 Bg7,10,white,0.4303030303030303,0.03636363636363636,0.5333333333333333,165
1264,e4 c6 Nf3 d5 exd5 cxd5 d4 Bg4 Be2 Nc6,10,white,0.375,0.0625,0.5625,16
1265,e4 e5 Nf3 d6 Nc3 Bg4 h3 Bh5 g4 Bg6,10,white,0.5,0.0,0.5,18
1267,e4 e5 Nf3 Nc6 d4 exd4 Nxd4 Nxd4 Qxd4 Nf6 Qe5+ Be7,12,white,0.6,0.0,0.4,15
1268,d4 Nf6 Nf3 g6 g3 Bg7 Bg2 O-O O-O d6,10,white,0.5862068965517241,0.034482758620689655,0.3793103448275862,29
1270,e4 c6 d4 d5 e5 Bf5 Bd3 Bxd3 Qxd3 e6,10,white,0.43902439024390244,0.042682926829268296,0.5182926829268293,164
1271,e4 c5 f4 e6 Nf3 d5 exd5 exd5 Bb5+ Nc6,10,white,0.23529411764705882,0.0,0.7647058823529411,17
1272,e4 e5 Nf3 Nc6 Bb5 a6 Bxc6 dxc6 O-O Bd6,10,white,0.6363636363636364,0.045454545454545456,0.3181818181818182,66
1273,e4 e5 Nf3 Nc6 Bb5 a6 Bxc6 bxc6 Nxe5 Qe7 d4 d6,12,white,0.5,0.08333333333333333,0.4166666666666667,12
1274,e4 e5 Nf3 Nc6 d4 exd4 Nxd4 Be7 Nxc6 dxc6,10,white,0.21428571428571427,0.0,0.7857142857142857,14
1276,e4 c5 Nf3 e6 Bc4 d5 exd5 exd5 Bb5+ Nc6,10,white,0.4444444444444444,0.05555555555555555,0.5,18
1277,e4 e5 Nf3 Nc6 Bb5 d6 Bxc6+ bxc6 d4 Bg4 dxe5 Bxf3 Qxf3 dxe5,14,white,0.6153846153846154,0.0,0.38461538461538464,13
1278,e4 c5 Nf3 e6 d4 cxd4 Nxd4 Nc6 Nxc6 bxc6 Nc3 Bb4,12,white,0.4166666666666667,0.08333333333333333,0.5,12
1279,e4 e5 Nf3 d6 Bc4 Be7 O-O Nf6 Nc3 O-O,10,white,0.5,0.0,0.5,12
1281,e4 e5 Nf3 Nc6 Bb5 a6 Ba4 Nf6 O-O d6,10,white,0.5166666666666667,0.11666666666666667,0.36666666666666664,60
1282,e4 e5 Nf3 d6 d4 Bg4 dxe5 Bxf3 Qxf3 dxe5 Bc4 Qf6,12,white,0.7358490566037735,0.018867924528301886,0.24528301886792453,53
1283,e4 d5 exd5 Qxd5 Nc3 Qe6+ Be2 Nc6 Nf3 Bd7,10,white,0.85,0.0,0.15,20
1284,e4 e5 Nf3 d6 d4 exd4 Nxd4 Nf6 Nc3 c6,10,white,0.5217391304347826,0.043478260869565216,0.43478260869565216,23
1285,e4 b6 d4 Bb7 d5 e6 c4 exd5 cxd5 Qe7,10,white,0.5490196078431373,0.0196078431372549,0.43137254901960786,51
1286,e4 d5 exd5 Qxd5 Nf3 Bg4 Be2 Nc6 Nc3 Qd7,10,white,0.2857142857142857,0.0,0.7142857142857143,14
1287,e4 b6 Nf3 Bb7 Nc3 e6 d4 Bb4 Bd3 Nf6 e5 Nd5,12,white,0.4583333333333333,0.041666666666666664,0.5,24
1288,e4 e6 Nf3 d5 exd5 exd5 d4 Nf6 Nc3 Bb4 Bd2 O-O,12,white,0.3333333333333333,0.0,0.6666666666666666,12
1289,e4 c5 Nf3 Nc6 Bc4 e6 a3 Nf6 d3 d5,10,white,0.6666666666666666,0.0,0.3333333333333333,12
1290,d4 b6 c4 Bb7 Nc3 e6 Nf3 Bb4 Bg5 Bxc3+ bxc3 f6,12,white,0.6666666666666666,0.0,0.3333333333333333,15
1291,e4 e5 Nf3 Nc6 Bb5 a6 Ba4 Nf6 O-O Nxe4 Re1 Nc5 Bxc6 dxc6 Nxe5 Be6,16,white,0.4166666666666667,0.0,0.5833333333333334,12
1293,d4 d5 c4 Nc6 cxd5 Qxd5 e3 e5 Nc3 Bb4 Bd2 Bxc3 bxc3 exd4,14,white,0.8285714285714286,0.0,0.17142857142857143,35
1294,d4 e5 dxe5 Qe7 Nf3 Nc6 Bf4 Qb4+ Bd2 Qxb2,10,white,0.7142857142857143,0.0,0.2857142857142857,14
1295,e4 c5 Bc4 e6 c3 a6 Nf3 b5 Bb3 c4,10,white,0.38461538461538464,0.0,0.6153846153846154,13
1296,e4 e5 Nf3 d6 d4 exd4 Nxd4 c5 Bb5+ Bd7 Bxd7+ Qxd7,12,white,0.5555555555555556,0.07407407407407407,0.37037037037037035,27
1297,e4 e5 Nf3 Nc6 Bc4 Bc5 O-O Nf6 c3 O-O d4 exd4 cxd4 Bb6,14,white,0.5652173913043478,0.08695652173913043,0.34782608695652173,23
1300,e4 c5 Nf3 Nc6 d4 cxd4 Nxd4 g6 Nxc6 bxc6 Qd4 Nf6,12,white,0.5652173913043478,0.043478260869565216,0.391304347826087,23
1301,d4 d5 c4 e5 dxe5 d4 Nf3 Nc6 e3 Bb4+ Bd2 dxe3,12,white,0.47058823529411764,0.058823529411764705,0.47058823529411764,17
1302,d4 e6 e4 d5 e5 c5 c3 Nc6 f4 Qb6,10,white,0.6923076923076923,0.0,0.3076923076923077,13
1303,e4 e5 Nf3 d6 Bc4 Bg4 Nc3 c6 h3 Bh5 g4 Bg6,12,white,0.5,0.0,0.5,12
1305,e4 c6 Nf3 d5 exd5 cxd5 d4 e6 Nc3 Nf6,10,white,0.47368421052631576,0.0,0.5263157894736842,19
1306,e4 e5 Nf3 Nc6 Bc4 Nf6 Ng5 d5 exd5 Nxd5 Nxf7 Kxf7 Qf3+ Ke6 Nc3 Ne7,16,white,0.6470588235294118,0.058823529411764705,0.29411764705882354,17
1307,d4 Nf6 c4 c5 d5 e6 Nc3 exd5 cxd5 d6,10,white,0.5294117647058824,0.0,0.47058823529411764,17
1308,e4 c5 f4 Nc6 Nf3 g6 Bc4 Bg7 Ng5 e6 d3 h6,12,white,0.5,0.05555555555555555,0.4444444444444444,18
1310,e4 e5 Nf3 Nc6 Nc3 Bb4 a3 Bxc3 dxc3 Nf6,10,white,0.4117647058823529,0.0,0.5882352941176471,17
1311,d4 e5 dxe5 Nc6 Nf3 Qe7 e3 Nxe5 Nxe5 Qxe5,10,white,0.07692307692307693,0.07692307692307693,0.8461538461538461,13
1312,b3 e5 Bb2 Nc6 e3 d5 Bb5 Bd6 Bxc6+ bxc6,10,white,0.5185185185185185,0.07407407407407407,0.4074074074074074,27
1315,e4 e5 Nf3 Nc6 Bc4 Bc5 d3 Nf6 Ng5 O-O Nxf7 Rxf7,12,white,0.2571428571428571,0.08571428571428572,0.6571428571428571,35
1316,e4 e5 Nf3 Nc6 Bb5 a6 Bxc6 dxc6 d3 Bg4 h3 Bxf3,12,white,0.4,0.06666666666666667,0.5333333333333333,15
1317,e4 e6 d4 d5 Nd2 Nf6 e5 Nfd7 Bd3 c5,10,white,0.6756756756756757,0.13513513513513514,0.1891891891891892,37
1318,e4 e5 Nf3 Nc6 Bb5 Nf6 d3 d6 O-O Be7,10,white,0.3333333333333333,0.0,0.6666666666666666,12
1319,d4 Nf6 Nc3 d5 e4 dxe4 f3 exf3 Nxf3 Bg4,10,white,0.38461538461538464,0.0,0.6153846153846154,13
1320,d4 e6 c4 d5 Nc3 c6 cxd5 exd5 Nf3 Nf6,10,white,0.6153846153846154,0.0,0.38461538461538464,13
1322,e3 e5 a3 d5 b4 c5 bxc5 Bxc5 Bb2 Nc6,10,white,0.29411764705882354,0.0,0.7058823529411765,17
1323,e4 e5 Nf3 Nc6 Bb5 a6 Ba4 Nf6 d3 d6,10,white,0.4,0.0,0.6,20
1324,e4 e5 f4 Nc6 Nf3 d6 Bc4 Bg4 O-O Nf6,10,white,0.375,0.0,0.625,16
1325,d4 c5 c4 cxd4 Qxd4 Nc6 Qd1 g6 Nc3 Bg7,10,white,0.4880952380952381,0.03571428571428571,0.47619047619047616,84
1326,e4 e5 Nf3 Nc6 Bb5 Bc5 c3 d6 d4 exd4 cxd4 Bb4+,12,white,0.35714285714285715,0.14285714285714285,0.5,14
1327,e4 e5 Nf3 Nc6 Bc4 Nf6 Nc3 Bc5 O-O d6,10,white,0.2777777777777778,0.05555555555555555,0.6666666666666666,18
1328,e4 c5 Nf3 Nc6 Nc3 e6 Bb5 a6 Bxc6 bxc6,10,white,0.3333333333333333,0.13333333333333333,0.5333333333333333,15
1329,e4 c6 Nf3 d5 exd5 cxd5 d4 Nc6 c4 Bg4,10,white,0.3333333333333333,0.0,0.6666666666666666,15
1330,d4 d5 Nc3 Nf6 Bf4 Bf5 Nb5 Na6 a3 e6,10,white,0.8125,0.0625,0.125,16
1331,e4 e5 Nf3 Nc6 Bb5 a6 Ba4 Nf6 O-O b5 Bb3 Bc5 c3 O-O,14,white,0.9166666666666666,0.08333333333333333,0.0,12
1332,e4 e6 Nf3 d5 exd5 exd5 d4 Nf6 c4 Be7,10,white,0.3125,0.0,0.6875,16
1333,d4 d5 c4 e6 Nc3 Nf6 Bg5 Be7 e3 O-O Nf3 h6,12,white,0.5,0.07142857142857142,0.42857142857142855,14
1334,e4 e6 Nf3 d5 e5 c5 d4 Nc6 c3 Qb6,10,white,0.2894736842105263,0.10526315789473684,0.6052631578947368,38
1335,e4 c5 Nf3 Nc6 d4 cxd4 Nxd4 g6 Nc3 Bg7 Be3 Nf6,12,white,0.39705882352941174,0.04411764705882353,0.5588235294117647,68
1336,e4 d5 exd5 Qxd5 Nc3 Qa5 Nf3 Nf6 d3 Bg4,10,white,0.25,0.0,0.75,16
1337,e4 e6 d4 d5 Nc3 dxe4 Nxe4 Nf6 Bg5 Be7 Bxf6 Bxf6,12,white,0.6666666666666666,0.041666666666666664,0.2916666666666667,24
1338,e4 e5 Nf3 d6 d4 exd4 Nxd4 c5 Bb5+ Bd7 Bxd7+ Qxd7 Nf5 g6,14,white,0.625,0.0625,0.3125,16
1339,e4 g6 Nf3 Bg7 c3 d6 d4 c6 Bd3 Nf6,10,white,0.0,0.08333333333333333,0.9166666666666666,12
1340,e4 e5 Nf3 d6 d4 exd4 Nxd4 Nc6 Bb5 Bd7,10,white,0.6111111111111112,0.0,0.3888888888888889,18
1341,e4 c5 Nf3 Nc6 d4 cxd4 Nxd4 Nf6 Nc3 e5,10,white,0.41333333333333333,0.05333333333333334,0.5333333333333333,75
1342,e4 c6 f4 d5 exd5 cxd5 d4 Nc6 Nf3 Bg4 c3 e6,12,white,0.26666666666666666,0.0,0.7333333333333333,15
1343,e4 e5 Bc4 Nf6 Nf3 h6 Nxe5 d5 exd5 Nxd5,10,white,0.45,0.15,0.4,20
1344,e4 e5 Nf3 Nc6 Bc4 d6 d4 exd4 Nxd4 Nf6,10,white,0.42857142857142855,0.047619047619047616,0.5238095238095238,21
1345,e4 e6 d4 Nf6 e5 Nd5 c4 Bb4+ Bd2 Bxd2+,10,white,0.5625,0.125,0.3125,16
1346,e4 e5 Nf3 Nc6 d4 exd4 Nxd4 Nf6 Nc3 Bb4,10,white,0.3333333333333333,0.058823529411764705,0.6078431372549019,51
1347,e4 e5 Nf3 Nf6 Nc3 Nc6 Bc4 Bc5 O-O O-O,10,white,0.55,0.05,0.4,20
1349,e4 c6 d4 d5 Nc3 dxe4 Nxe4 Bf5 Ng3 Bg6,10,white,0.5,0.05747126436781609,0.4425287356321839,174
1350,e4 e6 Nf3 d5 exd5 exd5 d4 Nf6 h3 Bd6,10,white,0.4666666666666667,0.03333333333333333,0.5,30
1351,e4 e5 Nf3 Nc6 Bb5 Bc5 c3 a6 Ba4 b5,10,white,0.6428571428571429,0.0,0.35714285714285715,14
1352,e4 c5 Nf3 Nc6 d4 cxd4 Nxd4 g6 Nc3 Bg7 Nxc6 bxc6,12,white,0.3888888888888889,0.0,0.6111111111111112,18
1354,e4 e6 d4 d5 Nc3 Nf6 e5 Nfd7 f4 c5 Nf3 Nc6 Be3 Qb6,14,white,0.3333333333333333,0.08333333333333333,0.5833333333333334,12
1355,e4 c5 Nf3 Nc6 c3 d6 d4 cxd4 cxd4 g6,10,white,0.6428571428571429,0.0,0.35714285714285715,14
1356,e4 e5 Nf3 Nc6 Nc3 Bc5 Bb5 d6 d4 exd4,10,white,0.5833333333333334,0.08333333333333333,0.3333333333333333,12
1357,e4 c6 d4 d5 e5 Bf5 Bd3 Bxd3 Qxd3 e6 Nf3 Nd7,12,white,0.35294117647058826,0.11764705882352941,0.5294117647058824,17
1358,e4 e5 Qh5 Nc6 Bc4 g6 Qf3 Nf6 c3 d6 d3 Bg4,12,white,0.45,0.05,0.5,20
1359,e4 e5 Nf3 Nc6 Bc4 Nf6 O-O Bc5 c3 O-O d4 exd4,12,white,0.6428571428571429,0.0,0.35714285714285715,14
1360,e4 c5 Nf3 d6 c4 Nc6 d4 cxd4 Nxd4 Nf6,10,white,0.4666666666666667,0.0,0.5333333333333333,15
1361,g3 e6 Bg2 d5 d3 Nf6 Bg5 Be7 Bxf6 Bxf6 c3 c5,12,white,0.4166666666666667,0.0,0.5833333333333334,12
1362,e4 d5 exd5 Qxd5 Nc3 Qe5+ Be2 Nc6 Nf3 Qf6,10,white,0.6153846153846154,0.07692307692307693,0.3076923076923077,13
1363,e4 e5 Bc4 Nf6 d3 d5 exd5 Nxd5 Bxd5 Qxd5,10,white,0.21428571428571427,0.14285714285714285,0.6428571428571429,14
1364,d4 c5 dxc5 e6 b4 a5 c3 axb4 cxb4 Qf6,10,white,0.16666666666666666,0.0,0.8333333333333334,12
1365,e4 e6 Nf3 d5 e5 c5 d4 cxd4 Qxd4 Nc6,10,white,0.375,0.0625,0.5625,16
1366,e4 e6 e5 d5 d4 c5 c3 Nc6 Nf3 Qb6,10,white,0.45,0.05,0.5,20
1367,e4 e5 Nf3 Nc6 Bb5 Nge7 d4 exd4 Nxd4 Nxd4,10,white,0.4642857142857143,0.0,0.5357142857142857,28
1368,e4 e5 Nf3 Nc6 Bb5 a6 Ba4 Nf6 O-O Be7 Re1 b5 Bb3 O-O c3 d5 exd5 e4,18,white,0.2692307692307692,0.057692307692307696,0.6730769230769231,52
1369,e4 e5 Nf3 Nc6 d4 d6 dxe5 dxe5 Qxd8+ Nxd8 Nxe5 Bd6,12,white,0.7333333333333333,0.0,0.26666666666666666,15
1371,e4 e5 Nf3 Nc6 Bc4 h6 c3 Nf6 d4 exd4,10,white,0.4838709677419355,0.0,0.5161290322580645,31
1372,e4 c5 Bc4 e6 Nf3 d5 exd5 exd5 Qe2+ Be7,10,white,0.4090909090909091,0.0,0.5909090909090909,22
1373,e4 e5 Nf3 d6 d4 Nc6 dxe5 Nxe5 Nxe5 dxe5 Qxd8+ Kxd8,12,white,0.7105263157894737,0.10526315789473684,0.18421052631578946,38
1374,e4 c5 Nf3 Nc6 d4 cxd4 Nxd4 d6 Nc3 a6,10,white,0.5714285714285714,0.07142857142857142,0.35714285714285715,14
1375,e4 e5 Nf3 Nc6 Bc4 h6 O-O Nf6 d4 exd4,10,white,0.6,0.03333333333333333,0.36666666666666664,30
1376,e4 c5 Nf3 Nc6 d4 cxd4 Nxd4 d6 Nc3 g6 Be3 Bg7,12,white,0.6666666666666666,0.0,0.3333333333333333,15
1378,e4 e5 Nf3 Nc6 Bc4 Nf6 Nc3 Be7 d3 d6,10,white,0.23076923076923078,0.0,0.7692307692307693,13
1379,e4 d5 exd5 Qxd5 Nc3 Qd8 Nf3 Bg4 Bc4 e6,10,white,0.6666666666666666,0.0,0.3333333333333333,15
1380,e4 c5 Nf3 d6 Nc3 Nc6 d4 cxd4 Nxd4 Nxd4,10,white,0.42857142857142855,0.07142857142857142,0.5,14
1381,e4 e5 Nf3 Nc6 Bc4 Bc5 c3 Nf6 d4 exd4 cxd4 Bb4+,12,white,0.4207650273224044,0.060109289617486336,0.5191256830601093,183
1382,e4 e5 Nf3 d6 Nc3 Nf6 d4 exd4 Nxd4 Be7,10,white,0.42857142857142855,0.0,0.5714285714285714,21
1383,e4 e5 Nf3 Nc6 Bb5 Nd4 Nxd4 exd4 d3 a6 Bc4 b5,12,white,0.631578947368421,0.0,0.3684210526315789,19
1385,e4 e6 Nf3 d5 e5 c5 d4 Nc6 dxc5 Bxc5,10,white,0.25,0.0,0.75,16
1386,e4 c6 Bc4 d5 exd5 cxd5 Bb3 Nc6 Qf3 Nf6,10,white,0.15384615384615385,0.0,0.8461538461538461,13
1387,e4 e5 Nf3 Nc6 Bb5 a6 Bxc6 dxc6 d3 Bd6,10,white,0.4177215189873418,0.0759493670886076,0.5063291139240507,79
1389,e4 c5 Nf3 Nc6 d4 cxd4 Nxd4 e5 Nb5 d6,10,white,0.5862068965517241,0.0,0.41379310344827586,116
1390,e4 c6 Bc4 d5 exd5 cxd5 Bb5+ Nc6 Bxc6+ bxc6,10,white,0.40476190476190477,0.0,0.5952380952380952,42
1391,e4 e5 Nf3 d6 d4 exd4 Nxd4 Bd7 Nc3 Nc6,10,white,0.7222222222222222,0.0,0.2777777777777778,18
1392,e4 e5 Nf3 Nc6 Bc4 Bc5 O-O Nf6 Nc3 d6,10,white,0.37037037037037035,0.037037037037037035,0.5925925925925926,27
1393,d4 d5 c4 e6 Nc3 Nf6 Bg5 Be7 e3 O-O Nf3 Nbd7,12,white,0.4117647058823529,0.058823529411764705,0.5294117647058824,17
1394,d4 d6 c4 g6 Nc3 Bg7 Nf3 Nf6 Bg5 O-O,10,white,0.5454545454545454,0.045454545454545456,0.4090909090909091,22
1395,e4 d5 exd5 Qxd5 Nc3 Qa5 Nf3 Nf6 d4 Bg4 Be2 Nc6,12,white,0.5833333333333334,0.08333333333333333,0.3333333333333333,12
1396,e4 e5 Nf3 d6 d4 Bg4 dxe5 dxe5 Qxd8+ Kxd8 Nxe5 Be6,12,white,0.7241379310344828,0.06896551724137931,0.20689655172413793,29
1397,e4 c6 Nf3 d5 exd5 cxd5 d4 Nc6 Bb5 a6,10,white,0.3333333333333333,0.06666666666666667,0.6,15
1398,e4 e5 Nf3 Nc6 d4 exd4 Nxd4 Nxd4 Qxd4 d6 Nc3 Nf6 Bg5 Be7,14,white,0.391304347826087,0.13043478260869565,0.4782608695652174,23
1399,e4 c5 Nf3 Nc6 d4 cxd4 Nxd4 e5 Nxc6 bxc6 Nc3 Bc5,12,white,0.26666666666666666,0.13333333333333333,0.6,15
1401,e4 d5 exd5 Qxd5 Nc3 Qe6+ Qe2 Nf6 Qxe6 Bxe6,10,white,0.2727272727272727,0.045454545454545456,0.6818181818181818,22
1402,e4 e5 Nf3 Nf6 Nxe5 d6 Nf3 Nxe4 Qe2 Qe7 d3 Nf6,12,white,0.47580645161290325,0.04032258064516129,0.4838709677419355,124
1403,e4 c6 d4 d5 Nc3 dxe4 f3 exf3 Nxf3 Nf6,10,white,0.5,0.07692307692307693,0.4230769230769231,26
1404,e4 e5 Nf3 d6 d4 Bg4 Be2 Bxf3 Bxf3 exd4 Qxd4 Nc6,12,white,0.5925925925925926,0.037037037037037035,0.37037037037037035,27
1405,e4 e5 Nf3 d6 Bc4 Bg4 O-O Nf6 h3 Bh5,10,white,0.21428571428571427,0.0,0.7857142857142857,14
1406,d4 Nf6 c4 g6 Nc3 d5 e3 Bg7 Nf3 O-O,10,white,0.41025641025641024,0.02564102564102564,0.5641025641025641,39
1407,e4 e5 Nf3 Nc6 Bb5 d6 h3 Bd7 c3 a6 Ba4 b5,12,white,0.6,0.0,0.4,20
1408,e4 c6 f4 d5 e5 Bf5 Nf3 e6 d4 c5,10,white,0.5,0.08333333333333333,0.4166666666666667,12
1409,e4 e5 Nf3 Nc6 Bb5 Nf6 O-O Nxe4 Re1 Nd6,10,white,0.38461538461538464,0.0,0.6153846153846154,13
1410,e4 e6 d4 d5 Nc3 Nf6 Bg5 Be7 e5 Nfd7 h4 Bxg5 hxg5 Qxg5 Nh3 Qe7,16,white,0.3684210526315789,0.05263157894736842,0.5789473684210527,19
1411,d4 Nf6 c4 g6 Nc3 Bg7 Nf3 O-O e3 d6,10,white,0.8461538461538461,0.0,0.15384615384615385,13
1413,e4 c5 f4 Nc6 Nf3 e6 Bb5 d5 exd5 exd5,10,white,0.6428571428571429,0.0,0.35714285714285715,14
1414,e4 Nc6 Nf3 e5 Bb5 f5 Nc3 fxe4 Nxe4 d5 Nxe5 dxe4,12,white,0.4,0.0,0.6,15
1415,e4 e5 Nc3 Nf6 f4 exf4 e5 Ng8 Nf3 d6,10,white,0.6666666666666666,0.08333333333333333,0.25,12
1416,d4 e6 Nf3 d5 g3 Nf6 Bg2 c5 e3 cxd4 exd4 Nc6,12,white,0.6470588235294118,0.058823529411764705,0.29411764705882354,17
1417,e4 e5 Nf3 Nc6 Bc4 Bc5 d3 Nf6 O-O d6,10,white,0.5454545454545454,0.0,0.45454545454545453,22
1418,e4 e5 Nf3 Nc6 Bb5 Nd4 Nxd4 exd4 d3 c6,10,white,0.5333333333333333,0.044444444444444446,0.4222222222222222,45
1419,e4 d5 exd5 Qxd5 Nc3 Qe5+ Qe2 Qxe2+ Bxe2 Bf5,10,white,0.6,0.15,0.25,20
1420,e4 d5 exd5 Nf6 Nc3 Nxd5 Nxd5 Qxd5 Nf3 e5,10,white,0.4827586206896552,0.0,0.5172413793103449,29
1421,e4 c5 Nf3 Nc6 d4 cxd4 Nxd4 e5 Nxc6 bxc6 Nc3 Bb7,12,white,0.5714285714285714,0.0,0.42857142857142855,14
1422,e4 e5 Nf3 Nc6 d4 exd4 Nxd4 Bc5 Nxc6 bxc6,10,white,0.423841059602649,0.039735099337748346,0.5364238410596026,151
1423,e4 e5 Nf3 Nc6 Bc4 h6 O-O Bc5 c3 d6,10,white,0.8,0.0,0.2,15
1424,e4 e5 Nf3 Nf6 Nxe5 d6 Nf3 Nxe4 Qe2 Qe7 d3 Nf6 Bg5 Be6,14,white,0.5714285714285714,0.0,0.42857142857142855,14
1425,e4 e6 d4 c5 d5 exd5 exd5 Nf6 c4 d6,10,white,0.5,0.0,0.5,16
1426,d4 Nf6 c4 g6 Nc3 d5 cxd5 Nxd5 e4 Nxc3 bxc3 Bg7 Bc4 O-O Ne2 c5,16,white,0.7857142857142857,0.0,0.21428571428571427,14
1427,e4 e5 Nf3 Nc6 Bb5 d6 h3 Nf6 d3 Be7 O-O O-O,12,white,0.38461538461538464,0.0,0.6153846153846154,13
1429,e4 e5 Nf3 Nf6 Nc3 Nc6 d4 exd4 Nxd4 Bb4,10,white,0.29411764705882354,0.058823529411764705,0.6470588235294118,17
1430,e4 e5 Nf3 Nc6 Bc4 Nf6 d3 Bc5 Ng5 O-O,10,white,0.4642857142857143,0.0,0.5357142857142857,28
1431,d4 d5 e4 dxe4 Nc3 Nf6 f3 exf3 Qxf3 Qxd4,10,white,0.21739130434782608,0.043478260869565216,0.7391304347826086,23
1432,e4 e5 Nf3 Nc6 Bb5 a6 Ba4 b5 Bb3 Nd4 Nxd4 exd4,12,white,0.7692307692307693,0.0,0.23076923076923078,13
1433,e4 e5 f4 Nc6 Nf3 d6 Bc4 Be6 Bxe6 fxe6,10,white,0.47619047619047616,0.047619047619047616,0.47619047619047616,21
1434,d4 c5 d5 e6 c4 exd5 cxd5 d6 Nc3 Nf6,10,white,0.44642857142857145,0.0,0.5535714285714286,56
1435,e4 e5 Nf3 Nc6 Bc4 h6 O-O Nf6 Nc3 Be7,10,white,0.5833333333333334,0.0,0.4166666666666667,12
1436,e4 c5 Nf3 Nc6 d4 cxd4 Nxd4 Nf6 Nc3 d6 Bb5 Bd7,12,white,0.14285714285714285,0.09523809523809523,0.7619047619047619,21
1437,e4 e5 Nf3 d6 Bc4 Bg4 h3 Bxf3 Qxf3 Qf6 Qb3 b6,12,white,0.6153846153846154,0.0,0.38461538461538464,26
1438,e4 e5 Nf3 Nc6 Bb5 d6 d4 exd4 Nxd4 Bd7 Nc3 Nxd4,12,white,0.5263157894736842,0.0,0.47368421052631576,19
1439,e4 e5 Qh5 Nc6 Bc4 Qe7 d3 Nf6 Qf3 Nd4,10,white,0.3076923076923077,0.07692307692307693,0.6153846153846154,13
1440,e4 d6 Nf3 Nf6 Nc3 g6 d4 Bg7 Be3 O-O,10,white,0.3333333333333333,0.0,0.6666666666666666,12
1441,d4 Nf6 c4 g6 Nc3 d5 cxd5 Nxd5 e4 Nxc3 bxc3 Bg7 Bc4 O-O,14,white,0.6190476190476191,0.0,0.38095238095238093,21
1442,e4 e5 Nf3 d6 Bc4 Nf6 Ng5 Be6 Bxe6 fxe6,10,white,0.4838709677419355,0.0,0.5161290322580645,31
1443,e4 e5 Nf3 Nc6 Bb5 d6 d4 Bd7 Bxc6 Bxc6,10,white,0.5789473684210527,0.0,0.42105263157894735,19
1445,e4 e5 Nf3 Nc6 d4 exd4 Nxd4 Nxd4 Qxd4 b6,10,white,0.4634146341463415,0.04878048780487805,0.4878048780487805,82
1446,e4 e5 Nf3 d6 Bc4 Be6 Bxe6 fxe6 O-O Nf6,10,white,0.5,0.0,0.5,26
1447,e4 c5 Nf3 Nc6 d4 cxd4 Nxd4 e5 Nb5 d6 Nb1c3 a6 Na3 Nf6,14,white,0.6111111111111112,0.0,0.3888888888888889,18
1448,e4 d5 exd5 Qxd5 Nc3 Qa5 Nf3 Nf6 d4 Nc6,10,white,0.21428571428571427,0.0,0.7857142857142857,14
1449,e4 Nc6 d4 e5 d5 Nce7 c4 Ng6 Nc3 Bc5,10,white,0.42857142857142855,0.0,0.5714285714285714,42
1451,e4 Nf6 e5 Nd5 c4 Nb6 d4 d6 exd6 cxd6,10,white,0.4482758620689655,0.06896551724137931,0.4827586206896552,29
1453,e4 c5 Bc4 e6 Nf3 d5 exd5 exd5 Be2 Nf6,10,white,0.26666666666666666,0.0,0.7333333333333333,15
1455,e4 e5 Nf3 Nc6 Bc4 Nf6 Nc3 Nxe4 Bxf7+ Kxf7 Nxe4 d5,12,white,0.5,0.0,0.5,12
1456,e4 e5 Nf3 Nc6 Bb5 f6 O-O a6 Ba4 b5,10,white,0.8333333333333334,0.0,0.16666666666666666,12
1457,e4 e5 Nf3 Nc6 Bc4 h6 d4 exd4 Nxd4 Nxd4 Qxd4 d6,12,white,0.391304347826087,0.021739130434782608,0.5869565217391305,46
1458,d4 d5 c4 e6 Nc3 Nf6 Nf3 c6 Bg5 Be7 e3 O-O,12,white,0.7692307692307693,0.0,0.23076923076923078,13
1459,e4 e5 Nf3 Nc6 Bc4 d6 d3 Bg4 h3 Bh5 g4 Bg6,12,white,0.45,0.05,0.5,20
1460,e4 e5 Nf3 d6 d4 exd4 Nxd4 Nf6 Bd3 Be7,10,white,0.3902439024390244,0.04878048780487805,0.5609756097560976,41
1461,e4 e5 Nf3 Nc6 Bb5 a6 Ba4 Nf6 d3 b5 Bb3 Bc5,12,white,0.40625,0.0,0.59375,32
1462,e4 e5 Bc4 Nf6 Nf3 Nc6 Ng5 d5 exd5 Nxd5 Qf3 Be6,12,white,0.47058823529411764,0.0,0.5294117647058824,17
1463,e4 e5 Nf3 Nc6 Bb5 a6 Bxc6 dxc6 Nc3 Bd6,10,white,0.5357142857142857,0.0,0.4642857142857143,28
1464,e4 e5 Nf3 Nc6 b3 Nf6 Bb2 d6 Bb5 Bd7,10,white,0.6666666666666666,0.0,0.3333333333333333,15
1465,e4 d5 exd5 Qxd5 Nc3 Qe5+ Be2 Bg4 d4 Qe6,10,white,0.8260869565217391,0.043478260869565216,0.13043478260869565,23
1466,e4 e5 Qh5 Nc6 Bc4 g6 Qf3 Qf6 Qxf6 Nxf6,10,white,0.2,0.04,0.76,25
1467,e4 e5 Nf3 Nc6 d4 exd4 Nxd4 Nge7 Nxc6 Nxc6,10,white,0.4,0.08,0.52,25
1468,e4 d5 exd5 Qxd5 Nc3 Qe5+ Nge2 Bg4 d4 Bxe2,10,white,0.75,0.05,0.2,20
1469,e4 c5 Nf3 d6 Bb5+ Bd7 Bxd7+ Qxd7 d4 cxd4,10,white,0.4166666666666667,0.0,0.5833333333333334,12
1470,e4 c5 Nf3 e6 d4 cxd4 Nxd4 Nc6 Nc3 Bb4,10,white,0.5625,0.03125,0.40625,32
1471,e4 c5 Nf3 Nc6 d4 cxd4 Nxd4 e5 Nxc6 bxc6 Nc3 Bb4,12,white,0.2857142857142857,0.14285714285714285,0.5714285714285714,14
1472,e4 Nf6 e5 Nd5 c4 Nb6 d4 d6 exd6 exd6,10,white,0.4583333333333333,0.0,0.5416666666666666,24
1474,e4 e5 Nf3 Nc6 Bb5 d6 h3 a6 Ba4 b5,10,white,0.45454545454545453,0.030303030303030304,0.5151515151515151,33
1475,e4 e5 Nf3 Qf6 Bc4 Bc5 O-O h6 c3 d6,10,white,0.6923076923076923,0.0,0.3076923076923077,13
1476,e4 c5 Nf3 e6 d4 cxd4 Nxd4 a6 Nc3 Qc7,10,white,0.23333333333333334,0.0,0.7666666666666667,30
1477,e4 e5 Nf3 Nc6 Bb5 a6 Ba4 b5 Bb3 Bb7,10,white,0.5416666666666666,0.0,0.4583333333333333,24
1478,e4 c6 d4 d5 exd5 cxd5 Nc3 e6 Nf3 Nf6,10,white,0.5,0.0,0.5,14
1479,e4 e6 d4 d5 Nc3 Bb4 e5 c5 a3 Bxc3+ bxc3 Ne7,12,white,0.2,0.06666666666666667,0.7333333333333333,15
1480,e4 c5 Nf3 Nc6 d4 cxd4 Nxd4 e5 Nb5 a6 Nd6+ Bxd6 Qxd6 Qf6,14,white,0.5,0.045454545454545456,0.45454545454545453,22
1482,e4 e5 Nf3 d6 Bc4 Bg4 d3 Bxf3 Qxf3 Qf6,10,white,0.5714285714285714,0.07142857142857142,0.35714285714285715,14
1483,d4 e6 e4 d5 e5 c5 c3 cxd4 cxd4 Nc6,10,white,0.5384615384615384,0.07692307692307693,0.38461538461538464,13
1484,e4 c5 Nf3 Nc6 d4 cxd4 Nxd4 Nxd4 Qxd4 d6,10,white,0.627906976744186,0.046511627906976744,0.32558139534883723,86
1485,e4 e5 Nf3 Nc6 Bb5 a6 Bxc6 dxc6 Nxe5 Bd6,10,white,0.75,0.08333333333333333,0.16666666666666666,12
1486,e4 e5 Nf3 Nc6 Nc3 a6 d4 exd4 Nxd4 Nxd4,10,white,0.3333333333333333,0.0,0.6666666666666666,12
1487,e4 e5 Nf3 Nc6 Bc4 Nf6 d3 Bc5 O-O d6,10,white,0.5,0.05555555555555555,0.4444444444444444,18
1488,d4 d5 c4 e6 Nc3 c6 Nf3 Nf6 Bg5 Bd6,10,white,0.5555555555555556,0.0,0.4444444444444444,18
1489,e4 c5 d4 cxd4 Qxd4 Nc6 Qd1 Nf6 Bd3 e6,10,white,0.38461538461538464,0.0,0.6153846153846154,13
1490,e4 e5 Nf3 Nc6 Bc4 Nf6 Ng5 d5 exd5 Nxd5 Qf3 Be6,12,white,0.40625,0.0,0.59375,32
1491,e4 c5 f4 e6 Nf3 d5 exd5 exd5 d4 Nf6,10,white,0.23076923076923078,0.0,0.7692307692307693,13
1492,e4 e5 Nf3 Nc6 Nc3 Bc5 Bc4 Nf6 d3 O-O,10,white,0.21428571428571427,0.07142857142857142,0.7142857142857143,14
1493,e4 d5 exd5 Qxd5 Nc3 Qd8 Nf3 Nf6 d4 e6,10,white,0.3793103448275862,0.10344827586206896,0.5172413793103449,29
1494,e4 e5 Nf3 Nc6 Bb5 a6 Ba4 Nf6 O-O Be7 Re1 b5 Bb3 O-O,14,white,0.2833333333333333,0.06666666666666667,0.65,120
1495,e4 c5 Nf3 e6 d4 cxd4 Nxd4 Nc6 Nc3 Bc5,10,white,0.47058823529411764,0.0,0.5294117647058824,17
1497,e4 e5 Nf3 Nc6 Bb5 a6 Ba4 Nf6 O-O b5 Bb3 Be7 Re1 d6,14,white,0.4090909090909091,0.0,0.5909090909090909,22
1498,e4 c6 Nf3 d5 e5 Bg4 d4 e6 Be2 Ne7,10,white,0.5,0.0,0.5,14
1500,e4 c6 Nf3 d5 Nc3 dxe4 Nxe4 Bf5 Ng3 Bg6,10,white,0.4166666666666667,0.08333333333333333,0.5,24
1501,e4 e5 Qh5 Nc6 Bc4 g6 Qf3 Nf6 d3 Nd4,10,white,0.4492753623188406,0.028985507246376812,0.5217391304347826,69
1502,d4 d5 e4 dxe4 Nc3 Nf6 f3 exf3 Qxf3 Bg4,10,white,0.3157894736842105,0.05263157894736842,0.631578947368421,19
1503,d4 b6 Nc3 Bb7 Bf4 g6 Nb5 d6 f3 Bg7,10,white,0.6428571428571429,0.07142857142857142,0.2857142857142857,14
1504,e4 e6 Nf3 d5 exd5 exd5 Qe2+ Be7 d4 Nf6 Bg5 O-O,12,white,0.25,0.08333333333333333,0.6666666666666666,12
1506,d4 d5 Nc3 e6 Nf3 Nf6 Bg5 Be7 Bxf6 Bxf6,10,white,0.13333333333333333,0.0,0.8666666666666667,15
1507,e4 e5 Bc4 Nf6 d3 d5 exd5 Nxd5 Qf3 c6 Nc3 Be6,12,white,0.6666666666666666,0.0,0.3333333333333333,15
1508,e4 c6 d4 d5 e5 e6 f4 Nd7 Nf3 c5,10,white,0.6153846153846154,0.07692307692307693,0.3076923076923077,13
1509,d4 Nf6 c4 g6 Nc3 d5 cxd5 Nxd5 e4 Nxc3 bxc3 Bg7 Bc4 c5,14,white,0.38461538461538464,0.0,0.6153846153846154,26
1510,e4 e5 Nf3 Nc6 Bb5 Bc5 Bxc6 dxc6 Nxe5 Qd4 Nd3 Qxe4+ Qe2 Qxe2+ Kxe2 Bd6,16,white,0.16666666666666666,0.0,0.8333333333333334,12
1511,e4 e6 d4 d5 Nc3 Nf6 e5 Nfd7 f4 c5,10,white,0.5135135135135135,0.02702702702702703,0.4594594594594595,37
1512,e4 e5 Nf3 Nc6 Bc4 h6 O-O Nf6 d4 exd4 Nxd4 Nxd4,12,white,0.6923076923076923,0.0,0.3076923076923077,13
1514,e4 d5 exd5 Nf6 c4 c6 dxc6 Nxc6 Nc3 Bf5,10,white,0.21428571428571427,0.0,0.7857142857142857,14
1516,e4 c6 Nf3 d5 exd5 cxd5 d4 Bg4 Be2 e6,10,white,0.5333333333333333,0.06666666666666667,0.4,30
1517,e4 e5 Nf3 Nc6 Bb5 a6 Ba4 Nf6 O-O Be7 Re1 b5 Bb3 O-O c3 d5,16,white,0.27586206896551724,0.08045977011494253,0.6436781609195402,87
1519,e4 c6 d4 d5 exd5 cxd5 c4 dxc4 Bxc4 e6,10,white,0.5294117647058824,0.058823529411764705,0.4117647058823529,17
1520,e4 e5 Qh5 d6 Bc4 g6 Qf3 Nf6 d3 h6,10,white,0.5833333333333334,0.0,0.4166666666666667,12
1522,e4 e5 Nf3 Nc6 Bb5 Nf6 d3 a6 Ba4 b5,10,white,0.6666666666666666,0.0,0.3333333333333333,15
1523,d4 Nf6 c4 e5 dxe5 Ng4 Nf3 Nc6 Bf4 Bb4+,10,white,0.7407407407407407,0.0,0.25925925925925924,27
1524,e4 b6 Nf3 Bb7 Nc3 e6 d4 Bb4 Bd2 Bxc3,10,white,0.39473684210526316,0.02631578947368421,0.5789473684210527,38
1525,e4 e5 Nf3 d6 d4 exd4 Nxd4 Nf6 Bd3 Be7 O-O O-O,12,white,0.5,0.0,0.5,20
1526,d4 e6 c4 d5 Nc3 c6 Nf3 Nf6 Bg5 Be7,10,white,0.6086956521739131,0.043478260869565216,0.34782608695652173,23
1527,e4 e5 Nc3 Nf6 Nf3 Nc6 d4 exd4 Nxd4 Nxd4,10,white,0.4375,0.0,0.5625,16
1528,e4 c5 Nf3 Nc6 d4 cxd4 Nxd4 Nf6 Nc3 e5 Ndb5 d6 Bg5 a6,14,white,0.6111111111111112,0.05555555555555555,0.3333333333333333,18
1529,d4 Nf6 c4 g6 Nc3 d5 cxd5 Nxd5 e4 Nxc3 bxc3 Bg7 Bc4 c5 Ne2 O-O,16,white,0.2857142857142857,0.0,0.7142857142857143,14
1530,e4 e5 Nf3 Nf6 Nc3 Bb4 d3 d5 exd5 Nxd5,10,white,0.42857142857142855,0.07142857142857142,0.5,14
1531,d4 Nf6 c4 g6 Nc3 d5 cxd5 Nxd5 e4 Nxc3 bxc3 Bg7,12,white,0.45714285714285713,0.0380952380952381,0.5047619047619047,105
1533,e4 e5 f4 exf4 Nf3 d5 exd5 Qxd5 Nc3 Qe6+,10,white,0.6976744186046512,0.023255813953488372,0.27906976744186046,43
1534,e4 e5 Nf3 d6 d4 Bg4 dxe5 Bxf3 Qxf3 dxe5,10,white,0.6746411483253588,0.014354066985645933,0.31100478468899523,209
1535,e4 e5 Nf3 Nc6 Bb5 d6 d4 exd4 Nxd4 Bd7 Nc3 Nf6,12,white,0.42857142857142855,0.07142857142857142,0.5,14
1536,e4 e5 Nf3 Nc6 Bc4 d6 d4 exd4 Nxd4 Nxd4,10,white,0.5106382978723404,0.02127659574468085,0.46808510638297873,47
1537,e4 e5 Nf3 Nc6 Bc4 Bc5 c3 Nf6 Qe2 O-O,10,white,0.5,0.0,0.5,16
1539,e4 e5 Nf3 Nc6 Bc4 Nf6 Ng5 Bc5 Nxf7 Bxf2+,10,white,0.42,0.02,0.56,50
1540,e4 Nc6 Nf3 e5 Bb5 f5 Nc3 fxe4 Nxe4 d5,10,white,0.4375,0.0,0.5625,16
1541,e4 e5 Nf3 Nc6 Bb5 Bc5 c3 Nf6 d4 exd4,10,white,0.5483870967741935,0.03225806451612903,0.41935483870967744,31
1542,d4 Nf6 c4 e5 dxe5 Ng4 Bf4 Nc6 Nf3 Bb4+,10,white,0.6666666666666666,0.0,0.3333333333333333,12
1543,d4 d5 c4 e6 Nc3 Nf6 Bg5 Be7 cxd5 exd5,10,white,0.6923076923076923,0.0,0.3076923076923077,13
1544,e4 e5 Nf3 Nc6 Bc4 Bc5 c3 d6 d4 exd4 cxd4 Bb4+,12,white,0.5507246376811594,0.057971014492753624,0.391304347826087,69
1546,e4 c5 Nf3 d6 c3 Nc6 d4 cxd4 cxd4 Nf6,10,white,0.6666666666666666,0.0,0.3333333333333333,12
1547,e4 c5 Nf3 e6 d4 cxd4 Nxd4 Bc5 Be3 Qb6,10,white,0.6923076923076923,0.0,0.3076923076923077,13
1549,e4 e5 Nf3 d6 d4 exd4 Nxd4 Nf6 Nc3 Be7 Bc4 O-O O-O c6,14,white,0.3125,0.0,0.6875,16
1550,e4 c6 d4 d5 Nc3 dxe4 Nxe4 Nf6 Nxf6+ gxf6,10,white,0.5714285714285714,0.047619047619047616,0.38095238095238093,21
1551,e4 b6 f4 Bb7 e5 e6 Nf3 Ne7 d4 h5,10,white,0.17647058823529413,0.058823529411764705,0.7647058823529411,17
1552,e4 e5 Nf3 Nc6 d4 exd4 Nxd4 Nf6 Nxc6 bxc6 e5 Qe7,12,white,0.47058823529411764,0.17647058823529413,0.35294117647058826,17
1553,e4 e5 Nf3 d6 Bc4 Nf6 Ng5 Be6 Bxe6 fxe6 Nxe6 Qe7,12,white,0.5833333333333334,0.0,0.4166666666666667,24
1556,e4 e5 Nf3 d6 c3 Nc6 d4 exd4 cxd4 Nf6,10,white,0.42857142857142855,0.0,0.5714285714285714,14
1557,e4 e5 Nf3 Nc6 Bc4 Nf6 Nc3 Be7 d3 O-O,10,white,0.75,0.0,0.25,12
1558,d4 g6 c4 Bg7 Nc3 e6 e4 Ne7 Nf3 O-O,10,white,0.5833333333333334,0.0,0.4166666666666667,12
1560,e4 e5 Nf3 Nc6 Bb5 Bc5 c3 Nge7 d4 exd4,10,white,0.3333333333333333,0.08333333333333333,0.5833333333333334,12
1561,e4 d5 exd5 Qxd5 Nc3 Qa5 Nf3 Bg4 Be2 Nf6 O-O e6,12,white,0.4375,0.0625,0.5,16
1562,e4 d5 exd5 Qxd5 Nc3 Qd6 Nf3 Nf6 d4 c6,10,white,0.3157894736842105,0.10526315789473684,0.5789473684210527,19
1564,d4 d5 c4 e6 Nc3 Nf6 Bg5 Be7 Nf3 h6,10,white,0.4,0.13333333333333333,0.4666666666666667,15
1566,e4 e5 Nf3 Qf6 Nc3 c6 Bc4 Bc5 d3 h6,10,white,0.4,0.0,0.6,20
1567,e4 c6 d4 d5 Nc3 dxe4 Nxe4 Bf5 Ng3 Bg6 h4 h6 Nf3 e6,14,white,0.46153846153846156,0.07692307692307693,0.46153846153846156,13
1568,e4 e5 Nf3 Nc6 Bc4 Nf6 Ng5 d5 exd5 Nxd5 Nxf7 Kxf7 Qf3+ Qf6 Bxd5+ Be6,16,white,0.8181818181818182,0.0,0.18181818181818182,22
1569,e4 e5 Nf3 Nc6 Bc4 h6 c3 Nf6 d4 exd4 cxd4 Bb4+,12,white,0.46153846153846156,0.0,0.5384615384615384,13
1570,e4 e5 Nf3 Nc6 Bc4 h6 O-O Nf6 Re1 Bc5,10,white,0.625,0.08333333333333333,0.2916666666666667,24
1572,e4 e5 Nf3 d6 d4 exd4 Nxd4 Be7 Nc3 Nf6,10,white,0.6296296296296297,0.0,0.37037037037037035,27
1573,e4 e5 Nf3 Nc6 Bb5 Nf6 d3 Bc5 O-O d6,10,white,0.2857142857142857,0.14285714285714285,0.5714285714285714,14
1574,e4 e5 Nf3 Nc6 c3 Bc5 d4 exd4 cxd4 Bb4+,10,white,0.5192307692307693,0.0,0.4807692307692308,52
1575,e4 c5 Nf3 Nc6 d4 cxd4 Nxd4 d6 Nc3 e6,10,white,0.5454545454545454,0.0,0.45454545454545453,22
1576,e4 d5 exd5 Qxd5 Nc3 Qd8 d4 e6 Nf3 Nf6,10,white,0.5,0.05,0.45,20
1577,e4 c5 Nf3 Nc6 d4 cxd4 Nxd4 Nf6 Nxc6 bxc6 e5 Nd5,12,white,0.3888888888888889,0.0,0.6111111111111112,18
1578,e4 d5 e5 f6 d4 fxe5 dxe5 Nc6 Nf3 Bg4,10,white,0.5625,0.0,0.4375,16
1579,d4 Nf6 c4 g6 Nc3 d5 cxd5 Nxd5 e4 Nxc3 bxc3 c5,12,white,0.4166666666666667,0.08333333333333333,0.5,24
1580,e4 e5 Nf3 d6 Bc4 Be7 Nc3 Nf6 d3 O-O,10,white,0.5,0.0,0.5,26
1581,e4 e5 Nf3 Nc6 Bc4 Nf6 Ng5 d5 exd5 b5 Bxb5 Qxd5,12,white,0.5,0.0,0.5,12
1582,e4 c5 f4 Nc6 Nf3 g6 Bc4 Bg7 Ng5 e6,10,white,0.37142857142857144,0.05714285714285714,0.5714285714285714,35
1583,e4 e6 Nf3 d5 exd5 exd5 Be2 Nf6 O-O Bd6,10,white,0.2222222222222222,0.1111111111111111,0.6666666666666666,18
1584,e4 c5 Nf3 Nc6 d4 cxd4 Nxd4 Nxd4 Qxd4 d6 Nc3 e5,12,white,0.6521739130434783,0.08695652173913043,0.2608695652173913,23
1585,e4 d5 exd5 Qxd5 Nc3 Qa5 d4 Nf6 Bd2 Nc6,10,white,0.375,0.0,0.625,16
1586,e4 e5 Nf3 Nc6 Bc4 h6 Nc3 Nf6 d3 Bc5,10,white,0.5555555555555556,0.037037037037037035,0.4074074074074074,27
1587,e4 c5 Nf3 Nc6 d4 cxd4 Nxd4 e5 Nb3 d6,10,white,0.2916666666666667,0.0,0.7083333333333334,24
1588,e4 d5 exd5 Qxd5 Nc3 Qe6+ Be2 Qg6 Bf3 Bf5,10,white,0.875,0.0,0.125,16
1589,e4 c5 Nf3 d6 Bc4 e6 d4 cxd4 Nxd4 Nf6,10,white,0.32142857142857145,0.07142857142857142,0.6071428571428571,28
1590,e4 e5 Nf3 Nc6 d4 exd4 Nxd4 Qf6 Nxc6 Qxc6 Nc3 Bb4,12,white,0.4,0.0,0.6,15
1591,e4 c6 d4 d5 Nc3 dxe4 Nxe4 Bf5 Ng3 Bg6 Nf3 Nd7,12,white,0.4166666666666667,0.125,0.4583333333333333,24
1592,e4 e5 Nf3 d6 Bc4 h6 O-O Nf6 d4 exd4,10,white,0.625,0.0625,0.3125,16
1593,d4 e6 e4 d5 e5 c5 c3 Nc6 Nf3 Qb6,10,white,0.30434782608695654,0.0,0.6956521739130435,23
1594,e4 e5 Nf3 Nc6 Bb5 a6 Ba4 Nf6 O-O Be7 Re1 b5 Bb3 d6,14,white,0.4186046511627907,0.06976744186046512,0.5116279069767442,43
1595,d4 d5 e4 dxe4 Nc3 Nf6 f3 exf3 Nxf3 Bg4 h3 Bxf3,12,white,0.5833333333333334,0.0,0.4166666666666667,12
1596,e4 e6 Nf3 d5 exd5 exd5 d4 Nf6 Be2 Bd6,10,white,0.5833333333333334,0.041666666666666664,0.375,24
1597,e4 e5 Nf3 Nc6 Bc4 Bc5 c3 Nf6 d3 d6,10,white,0.6470588235294118,0.0,0.35294117647058826,17
1600,e4 e5 Nf3 Nc6 Bb5 d6 d4 a6 Bxc6+ bxc6,10,white,0.6388888888888888,0.027777777777777776,0.3333333333333333,36
1601,e4 e5 Nf3 Nc6 Bb5 Nge7 c3 g6 O-O Bg7 Re1 O-O,12,white,0.23076923076923078,0.07692307692307693,0.6923076923076923,13
1602,e4 e5 Nf3 Nc6 Bb5 d6 Bxc6+ bxc6 d3 Nf6,10,white,0.62,0.04,0.34,50
1603,e4 c6 d4 d5 Nc3 dxe4 Nxe4 Bf5 Ng3 Bg6 Nf3 Nf6,12,white,0.5625,0.0,0.4375,16
1604,e4 c6 d4 d5 Nc3 dxe4 f3 exf3 Nxf3 Bg4,10,white,0.8,0.0,0.2,15
1605,e4 e5 Nf3 Nc6 Bc4 Nf6 Ng5 d5 exd5 Nd4,10,white,0.375,0.0625,0.5625,64
1606,d4 d5 c4 Nf6 cxd5 Nxd5 e4 Nb6 Nc3 e6,10,white,0.8181818181818182,0.045454545454545456,0.13636363636363635,22
1607,e4 d5 exd5 Qxd5 Nc3 Qe5+ Be2 Bg4 d4 Bxe2,10,white,0.5333333333333333,0.04,0.4266666666666667,75
1609,e4 d5 exd5 Qxd5 Nc3 Qa5 Nf3 Bg4 Be2 Bxf3 Bxf3 c6,12,white,0.7368421052631579,0.05263157894736842,0.21052631578947367,19
1610,e4 c5 Nf3 Nc6 d4 cxd4 Nxd4 Nf6 Nxc6 bxc6,10,white,0.3076923076923077,0.0,0.6923076923076923,65
1612,e4 c5 Nf3 Nc6 d4 cxd4 Nxd4 e5 Nxc6 bxc6,10,white,0.38114754098360654,0.02459016393442623,0.5942622950819673,244
1614,d4 c5 d5 d6 c4 Nf6 Nc3 g6 e4 Bg7,10,white,0.3333333333333333,0.08333333333333333,0.5833333333333334,12
1615,d4 d5 c4 e6 Nc3 Nf6 cxd5 exd5 Bg5 Be7,10,white,0.5652173913043478,0.08695652173913043,0.34782608695652173,23
1616,e4 e5 Bc4 Nf6 Nf3 d6 Ng5 Be6 Bxe6 fxe6,10,white,0.5833333333333334,0.08333333333333333,0.3333333333333333,12
1618,e4 e5 Nf3 Nc6 Bb5 Bc5 O-O Nf6 c3 O-O,10,white,0.7857142857142857,0.07142857142857142,0.14285714285714285,14
1619,e4 e5 Nf3 Nc6 Bc4 Nf6 Ng5 d5 exd5 Nd4 d6 Qxd6 Nxf7 Qc6,14,white,0.07692307692307693,0.0,0.9230769230769231,13
1621,e4 e6 Bc4 d5 exd5 exd5 Qe2+ Be7 Bb5+ c6,10,white,0.42857142857142855,0.0,0.5714285714285714,14
1622,e4 e5 Nf3 Nc6 Bc4 h6 d3 Nf6 Nc3 Bc5,10,white,0.5833333333333334,0.0,0.4166666666666667,12
1623,e4 e5 Nf3 Nc6 Bb5 d6 h3 Bd7 O-O a6 Ba4 b5,12,white,0.8461538461538461,0.07692307692307693,0.07692307692307693,13
1624,e4 e5 Qh5 Nc6 Bc4 g6 Qf3 Nf6 c3 Bg7 d3 d6,12,white,0.5384615384615384,0.0,0.46153846153846156,13
1625,e4 b6 Nf3 Bb7 Nc3 e6 d4 Bb4 Bd3 Ne7 O-O h6,12,white,0.23076923076923078,0.0,0.7692307692307693,13
1626,e4 d6 Nf3 Nf6 Nc3 g6 Bc4 Bg7 d3 O-O,10,white,0.5,0.0,0.5,14
1627,e4 e5 Nf3 Nc6 Bb5 a6 Ba4 Nf6 O-O b5 Bb3 d6,12,white,0.3888888888888889,0.0,0.6111111111111112,18
1628,e4 d5 exd5 Qxd5 Nc3 Qe5+ Qe2 Qxe2+ Bxe2 c6 Nf3 e6,12,white,0.5,0.05555555555555555,0.4444444444444444,18
1629,e4 e5 Nf3 Nc6 Bc4 Nf6 Ng5 d5 exd5 Nxd5 Qf3 f6,12,white,0.6428571428571429,0.0,0.35714285714285715,14
1632,e4 d5 exd5 Qxd5 Nc3 Qe5+ Be2 Bg4 d4 Bxe2 Ngxe2 Qd6,12,white,0.6875,0.0,0.3125,16
1633,e4 c6 d4 d5 Nc3 dxe4 Nxe4 Nf6 Nxf6+ exf6,10,white,0.45098039215686275,0.0196078431372549,0.5294117647058824,51
1634,e4 d5 exd5 Qxd5 Nc3 Qa5 Nf3 Bg4 Be2 Bxf3 Bxf3 c6 O-O e6,14,white,0.7692307692307693,0.0,0.23076923076923078,13
1635,e4 e5 Nf3 Nc6 c3 Bc5 d4 exd4 cxd4 Bb4+ Bd2 Bxd2+,12,white,0.5333333333333333,0.0,0.4666666666666667,15
1636,e4 e5 Nf3 d6 d4 exd4 Qxd4 Nf6 Bg5 Be7,10,white,0.5333333333333333,0.13333333333333333,0.3333333333333333,15
1637,e4 e5 Nf3 Nc6 Bc4 Nf6 d4 exd4 O-O Nxe4 Re1 d5,12,white,0.4375,0.0625,0.5,16
1638,e4 e5 Nf3 Nc6 Bc4 Nf6 O-O d5 exd5 Nxd5,10,white,0.6153846153846154,0.07692307692307693,0.3076923076923077,13
1639,e4 e5 Nf3 Nc6 Nc3 Bc5 Nxe5 Nxe5 d4 Bxd4,10,white,0.6046511627906976,0.023255813953488372,0.37209302325581395,43
1640,e4 c6 Nf3 d5 exd5 cxd5 d4 Nf6 Bb5+ Bd7,10,white,0.4166666666666667,0.0,0.5833333333333334,12
1641,e4 c5 d4 cxd4 Qxd4 Nc6 Qd1 Nf6 Nc3 e6,10,white,0.375,0.0625,0.5625,32
1642,e4 e5 Nf3 d6 Bc4 Bg4 h3 Bh5 O-O Qf6,10,white,0.26666666666666666,0.06666666666666667,0.6666666666666666,15
1643,e4 c6 Nf3 d5 exd5 cxd5 d4 Nc6 Bd3 Nf6,10,white,0.4444444444444444,0.05555555555555555,0.5,18
1645,e4 e5 Nf3 d6 d4 Nc6 dxe5 Nxe5 Nxe5 dxe5,10,white,0.7142857142857143,0.07142857142857142,0.21428571428571427,42
1646,d4 d5 c4 e6 Nc3 Nf6 cxd5 Nxd5 e4 Nxc3,10,white,0.38095238095238093,0.14285714285714285,0.47619047619047616,21
1647,d4 d5 c4 e6 Nc3 Nf6 Nf3 Bb4 e3 O-O,10,white,0.6923076923076923,0.07692307692307693,0.23076923076923078,13
1648,e4 e5 Nf3 d6 Bc4 Be7 c3 Nf6 d3 O-O,10,white,0.7692307692307693,0.0,0.23076923076923078,13
1649,e4 e5 Nf3 Nc6 Bc4 Bc5 d4 exd4 O-O Nf6,10,white,0.75,0.0,0.25,12
1650,e4 e5 Nf3 Nc6 Bc4 d6 d3 Be6 Bxe6 fxe6,10,white,0.28,0.08,0.64,25
1651,e4 e5 f4 exf4 Nf3 d5 exd5 Qxd5 Nc3 Qd8,10,white,0.6666666666666666,0.06666666666666667,0.26666666666666666,15
1652,e4 e6 Bc4 d5 exd5 exd5 Qe2+ Be7 Bb3 Nf6,10,white,0.2962962962962963,0.0,0.7037037037037037,27
1653,e4 e6 d4 d5 Nc3 Bb4 e5 c5 a3 Bxc3+,10,white,0.43333333333333335,0.03333333333333333,0.5333333333333333,30
1654,e4 e5 Nf3 Nc6 Bb5 d6 d4 Bd7 dxe5 Nxe5 Bxd7+ Nxd7,12,white,0.3333333333333333,0.0,0.6666666666666666,12
1656,e4 e5 Nf3 Nc6 d4 exd4 Nxd4 Nxd4 Qxd4 f6,10,white,0.5333333333333333,0.0,0.4666666666666667,15
1657,e4 e5 Nf3 d6 Bc4 Be6 Bxe6 fxe6 d4 exd4 Nxd4 e5,12,white,0.42105263157894735,0.05263157894736842,0.5263157894736842,19
1659,e4 b6 Nf3 Bb7 Nc3 e6 d4 Bb4 e5 Ne7,10,white,0.35714285714285715,0.0,0.6428571428571429,14
1660,e4 c6 Nf3 d5 e5 Bg4 d4 e6 Be2 Nd7,10,white,0.3125,0.0,0.6875,16
1661,e4 e5 Nf3 Nc6 Bc4 Bc5 d3 d6 h3 Nf6,10,white,0.6153846153846154,0.0,0.38461538461538464,13
1662,e4 e5 Nf3 Nc6 Bc4 Nf6 O-O Nxe4 Re1 d5,10,white,0.5,0.0,0.5,12
1664,e4 e5 Nf3 Nc6 Bb5 Nf6 O-O Bc5 c3 O-O,10,white,0.5882352941176471,0.0,0.4117647058823529,17
1665,e4 e5 Nf3 Nc6 Bc4 h6 Nc3 Nf6 O-O Bc5,10,white,0.6666666666666666,0.0,0.3333333333333333,12
1666,d4 Nf6 c4 c5 d5 e6 Nc3 exd5 cxd5 d6 e4 g6,12,white,0.5,0.0,0.5,14
1667,d4 d5 Nc3 Nf6 Bf4 Nc6 Nb5 e5 dxe5 a6,10,white,0.5833333333333334,0.0,0.4166666666666667,12
1668,e4 c5 d4 cxd4 Qxd4 Nc6 Qd1 Nf6 Nc3 e5,10,white,0.4,0.0,0.6,15
1669,d4 d5 Nf3 Nf6 Bf4 e6 e3 Bd6 Bxd6 Qxd6,10,white,0.47619047619047616,0.14285714285714285,0.38095238095238093,21
1670,d4 Nf6 c4 g6 Nc3 Bg7 e4 d6 f4 O-O,10,white,0.65625,0.03125,0.3125,32
1671,e4 c5 Nf3 Nc6 c3 e6 d4 cxd4 cxd4 d6,10,white,0.6666666666666666,0.0,0.3333333333333333,12
1672,e4 b6 d4 Bb7 Nc3 e6 Bd3 Bb4 Ne2 Nf6,10,white,0.5333333333333333,0.0,0.4666666666666667,15
1673,d4 d5 c4 dxc4 e3 e6 Bxc4 Bb4+ Bd2 Bxd2+,10,white,0.4666666666666667,0.26666666666666666,0.26666666666666666,15
1675,e4 e5 Nf3 Nc6 d4 exd4 Bb5 Bc5 O-O Nge7 Ng5 O-O Nxh7 Kxh7 Qh5+ Kg8 Qxc5 d6,18,white,0.75,0.0,0.25,12
1676,e4 e5 Nf3 Nc6 Bb5 a6 Ba4 b5 Bb3 Bc5 O-O Nf6,12,white,0.7142857142857143,0.0,0.2857142857142857,14
1677,e4 e5 Nf3 Nc6 Bc4 Nf6 Nc3 Bc5 d3 h6,10,white,0.35714285714285715,0.07142857142857142,0.5714285714285714,14
1679,e4 e5 Nf3 Nc6 d4 exd4 Nxd4 Bc5 Be3 Qf6 c3 Nge7,12,white,0.3111111111111111,0.044444444444444446,0.6444444444444445,45
1680,e4 e5 Nf3 d6 Nc3 Bg4 h3 Bxf3 Qxf3 Nf6,10,white,0.5384615384615384,0.0,0.46153846153846156,13
1681,e4 e5 Nf3 Nc6 Bb5 Bc5 O-O d6 c3 Bd7 d4 exd4 cxd4 Bb6,14,white,0.75,0.0,0.25,12
1682,e4 e5 Nf3 Nc6 Bc4 h6 d4 exd4 Nxd4 Nxd4,10,white,0.5562913907284768,0.026490066225165563,0.41721854304635764,151
1683,e4 e5 d4 f6 dxe5 fxe5 Qh5+ g6 Qxe5+ Qe7,10,white,0.625,0.0,0.375,16
1684,e4 e5 Nf3 Nc6 d4 exd4 Nxd4 Nxd4 Qxd4 c5,10,white,0.47794117647058826,0.051470588235294115,0.47058823529411764,136
1685,e4 e5 Nf3 Nc6 d4 exd4 Nxd4 Nxd4 Qxd4 Nf6 e5 Qe7,12,white,0.5,0.0,0.5,12
1686,e4 e5 Nf3 Nc6 Bc4 Bc5 d3 Nf6 Nc3 O-O,10,white,0.29411764705882354,0.058823529411764705,0.6470588235294118,17
1687,e4 e5 Nf3 f5 exf5 e4 Nd4 Qf6 c3 Qe5,10,white,0.631578947368421,0.05263157894736842,0.3157894736842105,19
1688,e4 e5 Nf3 d6 Bc4 h6 O-O Nf6 Nc3 Be7,10,white,0.6428571428571429,0.0,0.35714285714285715,14
1689,e4 c5 Nf3 Nc6 d4 cxd4 Nxd4 g6 Nc3 Bg7 Be3 Qb6,12,white,0.47058823529411764,0.0,0.5294117647058824,17
1690,c4 c5 Nc3 Nc6 g3 g6 Bg2 Bg7 d3 d6,10,white,0.5833333333333334,0.08333333333333333,0.3333333333333333,12
1691,e4 e5 Nf3 Nc6 Bb5 a6 Ba4 b5 Bb3 Nf6,10,white,0.5887096774193549,0.008064516129032258,0.4032258064516129,124
1692,e4 e5 Nf3 Nc6 Bb5 Nge7 O-O d6 d4 exd4,10,white,0.38461538461538464,0.23076923076923078,0.38461538461538464,13
1693,e4 c5 Nf3 Nc6 d4 cxd4 Nxd4 e5 Nb5 Qa5+,10,white,0.6428571428571429,0.21428571428571427,0.14285714285714285,14
1694,e4 e6 d4 d5 Nc3 Bb4 a3 Bxc3+ bxc3 dxe4,10,white,0.4090909090909091,0.0,0.5909090909090909,22
1696,e4 e5 Nf3 Nc6 Bb5 Bc5 O-O Nge7 c3 O-O,10,white,0.4827586206896552,0.0,0.5172413793103449,29
1697,e4 d5 exd5 Qxd5 Nc3 Qe6+ Be2 Qg6 g3 Bf5,10,white,0.6428571428571429,0.0,0.35714285714285715,14
1698,e4 e5 Nf3 Nc6 d4 exd4 Bc4 Nf6 Ng5 Ne5,10,white,0.5,0.08333333333333333,0.4166666666666667,12
1699,e4 d5 exd5 Qxd5 Nc3 Qa5 Nf3 a6 d4 e6,10,white,0.7333333333333333,0.0,0.26666666666666666,15
1700,e4 d5 exd5 Qxd5 Nc3 Qe5+ Be2 Bg4 d4 Bxe2 Ngxe2 Qa5,12,white,0.3157894736842105,0.10526315789473684,0.5789473684210527,19
1701,e4 c6 d4 d5 e5 Bf5 f4 e6 Nf3 c5,10,white,0.3333333333333333,0.08333333333333333,0.5833333333333334,12
1703,e4 e5 Nf3 Nf6 Nxe5 Qe7 d4 d6 Nf3 Qxe4+,10,white,0.6666666666666666,0.05555555555555555,0.2777777777777778,18
1704,e4 e5 Nf3 Nc6 Bb5 a6 Ba4 Nf6 O-O Nxe4,10,white,0.42857142857142855,0.0,0.5714285714285714,63
1705,e4 e5 Nf3 Nc6 Bb5 Nf6 d3 Bc5 O-O O-O,10,white,0.5789473684210527,0.0,0.42105263157894735,19
1707,e4 e5 Nf3 Nf6 Nxe5 d6 Nf3 Nxe4 Qe2 Qe7 d3 Nf6 Qxe7+ Bxe7,14,white,0.47619047619047616,0.07142857142857142,0.4523809523809524,42
1708,e4 c5 d4 cxd4 c3 dxc3 Nxc3 Nc6 Nf3 e6,10,white,0.48484848484848486,0.0,0.5151515151515151,33
1709,e4 e5 Bc4 Nf6 d3 d5 exd5 Nxd5 Nc3 Nxc3,10,white,0.5,0.08333333333333333,0.4166666666666667,12
1710,e4 d5 exd5 Qxd5 Nc3 Qa5 d3 Nc6 Bd2 Bf5,10,white,0.65,0.05,0.3,20
1711,e4 d5 exd5 Qxd5 Nc3 Qa5 Nf3 Bg4 h3 Bh5,10,white,0.3125,0.125,0.5625,16
1712,d4 d5 c4 e5 dxe5 d4 Nf3 Nc6 e3 Bb4+,10,white,0.4583333333333333,0.041666666666666664,0.5,24
1713,e4 e5 f4 exf4 Nf3 d6 Bc4 Bg4 O-O Nf6,10,white,0.5714285714285714,0.09523809523809523,0.3333333333333333,21
1714,Nf3 d5 g3 c5 Bg2 Nc6 O-O e5 d3 Nf6,10,white,0.75,0.08333333333333333,0.16666666666666666,12
1715,e4 d5 exd5 Qxd5 Nf3 Nf6 Be2 e6 O-O Be7,10,white,0.6666666666666666,0.16666666666666666,0.16666666666666666,12
1716,d4 e5 c4 exd4 Qxd4 Nc6 Qd1 Nf6 Nc3 Bc5,10,white,0.6428571428571429,0.0,0.35714285714285715,14
1718,e4 c5 Nf3 Nc6 Bb5 d6 d4 cxd4 Nxd4 Bd7,10,white,0.38461538461538464,0.07692307692307693,0.5384615384615384,13
1719,e4 Nc6 Nf3 e5 Nc3 Nf6 Bc4 Nxe4 Bxf7+ Kxf7 Nxe4 d5,12,white,0.38461538461538464,0.0,0.6153846153846154,13
1721,e4 e5 Qh5 Nc6 Bc4 g6 Qf3 Nf6 d3 Bg7,10,white,0.45454545454545453,0.0,0.5454545454545454,22
1722,e4 c6 Nf3 d5 e5 Bg4 d4 e6 Be2 c5,10,white,0.5555555555555556,0.0,0.4444444444444444,18
1723,e4 e5 Nf3 Nc6 Bb5 d6 Bxc6+ bxc6 d3 Nf6 h3 Be7,12,white,0.6666666666666666,0.0,0.3333333333333333,12
1724,e4 e5 Nf3 Nf6 Nxe5 d6 Nf3 Nxe4 Qe2 Qe7,10,white,0.49673202614379086,0.0457516339869281,0.45751633986928103,153
1725,e4 d5 exd5 Qxd5 Nf3 Bg4 Be2 Nf6 Nc3 Qa5,10,white,0.4666666666666667,0.13333333333333333,0.4,15
1726,d4 g6 c4 Bg7 Nc3 e6 Nf3 Ne7 Bg5 O-O,10,white,0.7142857142857143,0.07142857142857142,0.21428571428571427,14
1728,e4 c6 Nf3 d5 exd5 cxd5 d4 Nf6 h3 Bf5,10,white,0.8333333333333334,0.0,0.16666666666666666,12
1729,e4 e5 Nf3 Nc6 Bc4 d6 Nc3 Be6 Bxe6 fxe6,10,white,0.5,0.1111111111111111,0.3888888888888889,18
1730,e4 e6 Nf3 d5 exd5 exd5 d4 Bd6 Bd3 Nf6,10,white,0.4,0.06666666666666667,0.5333333333333333,15
1731,e4 c5 Nf3 Nc6 d4 cxd4 Nxd4 g6 c4 Bg7 Be3 Nf6 Nc3 d6,14,white,0.6,0.1,0.3,20
1732,e4 d5 exd5 Qxd5 Nc3 Qe5+ Be2 Bg4 h3 Bxe2,10,white,0.6470588235294118,0.0,0.35294117647058826,17
1734,e4 c5 Nf3 Nc6 d4 cxd4 Nxd4 d6 Nxc6 bxc6,10,white,0.2962962962962963,0.037037037037037035,0.6666666666666666,27
1735,e4 e5 Nf3 Nc6 Bc4 Nf6 d3 Bc5 h3 O-O,10,white,0.5789473684210527,0.05263157894736842,0.3684210526315789,19
1736,e4 e5 Nf3 d6 Bc4 Be7 d4 exd4 Nxd4 Nf6 Nc3 O-O,12,white,0.391304347826087,0.0,0.6086956521739131,23
1737,e4 e5 Nf3 d6 d4 exd4 Qxd4 Nc6 Bb5 Bd7 Bxc6 Bxc6 Nc3 Nf6,14,white,0.7222222222222222,0.05555555555555555,0.2222222222222222,18
1739,e4 e5 Nf3 Nc6 Bc4 Nf6 Ng5 Bc5 Nxf7 Bxf2+ Kxf2 Nxe4+,12,white,0.325,0.025,0.65,40
1741,e4 c5 c3 Nc6 d4 cxd4 cxd4 d5 exd5 Qxd5,10,white,0.4666666666666667,0.2,0.3333333333333333,15
1742,d4 Nf6 c4 g6 Nc3 d5 cxd5 Nxd5 e4 Nxc3,10,white,0.4253731343283582,0.03731343283582089,0.5373134328358209,134
1744,e4 e5 Nf3 Nc6 Bb5 d6 Bxc6+ bxc6 d4 exd4,10,white,0.41284403669724773,0.06422018348623854,0.5229357798165137,109
1745,e4 e5 Nf3 d6 Bc4 Bg4 h3 Bxf3 Qxf3 f6,10,white,0.7894736842105263,0.0,0.21052631578947367,19
1746,e4 e6 d4 d5 Nc3 Nf6 Bg5 Be7 e5 Nfd7 Bxe7 Qxe7 f4 a6,14,white,0.4166666666666667,0.25,0.3333333333333333,12
1747,e4 c6 d4 d5 e5 Bf5 g4 Bg6 h4 h6 h5 Bh7,12,white,0.8333333333333334,0.05555555555555555,0.1111111111111111,18
1748,e4 c5 d4 cxd4 Qxd4 Nc6 Qd1 Nf6 Bd3 d5,10,white,0.16666666666666666,0.0,0.8333333333333334,12
1749,e4 e5 Nf3 d6 Bc4 h6 d3 Bg4 h3 Bh5,10,white,0.75,0.0,0.25,12
1751,e4 e5 Nf3 d6 Bc4 Be7 O-O Nf6 Re1 O-O,10,white,0.46875,0.125,0.40625,32
1752,c4 e5 Nc3 Nf6 g3 d5 cxd5 Nxd5 Bg2 Nxc3,10,white,0.6923076923076923,0.0,0.3076923076923077,13
1753,d4 Nf6 c4 g6 Nc3 d5 Nf3 Bg7 e3 O-O,10,white,0.2,0.06666666666666667,0.7333333333333333,15
1754,e4 c6 d4 d5 exd5 cxd5 c4 Nf6 Nc3 Nc6 Nf3 Bg4,12,white,0.6,0.0,0.4,15
1755,e4 e5 Nf3 Nc6 d4 exd4 Nxd4 Nxd4 Qxd4 d6 Bc4 Qf6,12,white,0.47058823529411764,0.0,0.5294117647058824,17
1758,e4 e6 Nf3 d5 e5 c5 Bb5+ Nc6 Bxc6+ bxc6,10,white,0.5,0.05,0.45,20
1759,e4 e5 Nf3 Nc6 Bb5 d6 O-O Bg4 h3 Bh5,10,white,0.52,0.08,0.4,25
1760,e4 e5 Nf3 Nc6 Bc4 h6 d4 exd4 Nxd4 Bc5,10,white,0.4411764705882353,0.0,0.5588235294117647,34
1761,e4 c5 Nf3 Nc6 Bc4 e6 c3 d5 exd5 exd5,10,white,0.5333333333333333,0.06666666666666667,0.4,15
1762,e4 d5 exd5 Nf6 Nc3 Nxd5 Nxd5 Qxd5 Nf3 Bg4 Be2 Nc6,12,white,0.3793103448275862,0.06896551724137931,0.5517241379310345,29
1763,e4 c5 Nf3 d6 Bb5+ Bd7 Bxd7+ Qxd7 O-O Nc6,10,white,0.3076923076923077,0.038461538461538464,0.6538461538461539,26
1764,e4 e5 Nf3 Nc6 Bb5 a6 Ba4 b5 Bb3 h6,10,white,0.5714285714285714,0.0,0.42857142857142855,28
1765,e4 e6 Nf3 d5 e5 c5 c3 Nc6 d4 Qb6,10,white,0.3888888888888889,0.027777777777777776,0.5833333333333334,36
1766,e4 d6 Nf3 Nf6 Nc3 g6 d4 Bg7 Bc4 O-O,10,white,0.7692307692307693,0.07692307692307693,0.15384615384615385,13
1767,d4 d5 e4 dxe4 Nc3 Nf6 f3 exf3 Nxf3 Bg4 h3 Bh5,12,white,0.4,0.0,0.6,15
1771,e4 e5 Nc3 Nc6 Nf3 Bc5 Nxe5 Bxf2+ Kxf2 Nxe5,10,white,0.5333333333333333,0.0,0.4666666666666667,15
1772,d4 d5 c4 Nc6 Nc3 Nf6 Nf3 Bg4 e3 e5,10,white,0.46153846153846156,0.0,0.5384615384615384,13
1773,e4 e5 Nf3 Nc6 Bb5 d6 d4 exd4 Nxd4 Bd7,10,white,0.5235294117647059,0.047058823529411764,0.4294117647058823,170
1774,e4 e5 Nf3 Nc6 Bb5 Nf6 Bxc6 dxc6 Nxe5 Nxe4,10,white,0.631578947368421,0.0,0.3684210526315789,19
1775,e4 e5 Nf3 Nc6 Bb5 Bc5 c3 Nf6 d4 exd4 cxd4 Bb4+,12,white,0.375,0.0625,0.5625,16
1776,e4 e5 Nf3 Nc6 d4 Nxd4 Nxd4 exd4 Qxd4 d6,10,white,0.6842105263157895,0.0,0.3157894736842105,19
1777,e4 e6 Nf3 d5 exd5 exd5 d4 Nf6 c4 c6,10,white,0.45454545454545453,0.0,0.5454545454545454,22
1778,e3 e5 b3 d5 Bb2 Nc6 Bb5 Bd6 Bxc6+ bxc6 d3 Nf6,12,white,0.5384615384615384,0.07692307692307693,0.38461538461538464,13
1779,e4 e5 Nf3 Nc6 Bb5 Nge7 O-O d6 d4 exd4 Nxd4 Bd7,12,white,0.4,0.2,0.4,15
1780,e4 e6 Nf3 d5 exd5 exd5 d4 Nf6 Bd3 c5,10,white,0.6595744680851063,0.0425531914893617,0.2978723404255319,47
1781,e4 c5 Nf3 Nc6 d4 cxd4 Nxd4 e5 Nb5 d6 Nb1c3 a6,12,white,0.5102040816326531,0.02040816326530612,0.46938775510204084,49
1783,e4 e5 f4 Nc6 Nf3 d6 Bc4 Be7 O-O Nf6,10,white,0.5,0.0,0.5,14
1785,e4 c5 Nf3 Nc6 d4 cxd4 Nxd4 g6 Nxc6 bxc6 Nc3 Bg7,12,white,0.48,0.0,0.52,25
1786,Nf3 e6 d4 d5 c4 Nf6 Nc3 c5 e3 cxd4,10,white,0.38461538461538464,0.07692307692307693,0.5384615384615384,13
1787,d4 d5 c4 Nc6 Nc3 Nf6 cxd5 Nxd5 e4 Nxc3 bxc3 a6,12,white,0.8846153846153846,0.0,0.11538461538461539,26
1788,e4 c5 Nf3 Nc6 Bc4 e6 d4 cxd4 Nxd4 Nf6,10,white,0.3333333333333333,0.0,0.6666666666666666,21
1789,e4 e5 Nf3 Nc6 d4 exd4 Nxd4 Nxd4 Qxd4 c6,10,white,0.35714285714285715,0.0,0.6428571428571429,14
1790,e4 e6 Nf3 d5 exd5 exd5 d4 Nf6 h3 c5 Bd3 cxd4 Nxd4 Nc6,14,white,0.8125,0.0,0.1875,16
1792,e4 e6 Nf3 d5 exd5 exd5 d4 Nf6 Nc3 c5 Bg5 cxd4,12,white,0.3333333333333333,0.0,0.6666666666666666,21
1793,e4 c5 Nf3 e6 d4 cxd4 Nxd4 Nf6 Nc3 Qb6,10,white,0.17647058823529413,0.058823529411764705,0.7647058823529411,17
1794,e4 e5 Bc4 Bc5 Bxf7+ Kxf7 Qh5+ Kf8 Qxe5 d6,10,white,0.4166666666666667,0.08333333333333333,0.5,12
1795,e4 e5 Nf3 Nc6 Bc4 Bc5 O-O Nf6 c3 d6,10,white,0.625,0.0,0.375,16
1796,e4 c5 Nf3 Nc6 d4 cxd4 Nxd4 e5 Nxc6 bxc6 Nc3 Nf6,12,white,0.32786885245901637,0.0,0.6721311475409836,61
1797,d4 d5 c4 Nf6 cxd5 Nxd5 e4 Nf6 Nc3 Nc6,10,white,0.6923076923076923,0.0,0.3076923076923077,13
1798,e4 e6 f4 d5 e5 c5 Nf3 Nc6 Bb5 Qb6,10,white,0.4166666666666667,0.0,0.5833333333333334,12
1799,e4 e5 Nf3 d6 d4 exd4 Nxd4 c5 Bb5+ Bd7 Bxd7+ Nxd7,12,white,0.6470588235294118,0.058823529411764705,0.29411764705882354,17
1800,d4 e6 c4 d5 Nc3 Nf6 Nf3 c5 Bg5 cxd4,10,white,0.5,0.041666666666666664,0.4583333333333333,24
1802,d4 d5 c4 dxc4 Nc3 Bf5 e4 Bg6 Bxc4 e6,10,white,0.6206896551724138,0.06896551724137931,0.3103448275862069,29
1803,e4 c6 Nf3 d5 exd5 cxd5 d4 Nf6 Nc3 Nc6,10,white,0.41379310344827586,0.034482758620689655,0.5517241379310345,29
1804,e4 c5 Nf3 Nc6 d4 cxd4 Nxd4 g6 Nxc6 bxc6,10,white,0.4380952380952381,0.0380952380952381,0.5238095238095238,105
1806,e4 c5 Bc4 Nc6 c3 e6 Nf3 d5 exd5 exd5,10,white,0.35,0.05,0.6,20
1808,d4 e6 c4 d5 Nc3 Nf6 e3 Be7 Nf3 O-O,10,white,0.35294117647058826,0.058823529411764705,0.5882352941176471,17
1809,e4 d5 exd5 Qxd5 d4 Nc6 Nc3 Qxd4 Bd2 Nf6,10,white,0.375,0.125,0.5,16
1810,e4 e5 Nf3 Nc6 Bc4 Bc5 c3 Nf6 d4 exd4 cxd4 Bb4+ Nc3 Bxc3+,14,white,0.5333333333333333,0.06666666666666667,0.4,15
1811,e4 e5 Nf3 Nc6 Bb5 Nf6 Bxc6 dxc6 Nxe5 Qd4,10,white,0.14285714285714285,0.047619047619047616,0.8095238095238095,21
1812,e4 e5 Nf3 Nf6 Nc3 Nc6 d4 exd4 Nxd4 Nxd4 Qxd4 d6,12,white,0.6666666666666666,0.0,0.3333333333333333,12
1813,e4 e6 d4 d5 Nc3 dxe4 Nxe4 Nf6 Nxf6+ Qxf6,10,white,0.5454545454545454,0.06060606060606061,0.3939393939393939,33
1814,e4 d5 exd5 Qxd5 Nc3 Qe6+ Qe2 Nc6 Qxe6 Bxe6,10,white,0.5166666666666667,0.08333333333333333,0.4,60
1815,e4 d5 exd5 Nf6 c4 c6 dxc6 Nxc6 Nc3 e5,10,white,0.3076923076923077,0.07692307692307693,0.6153846153846154,13
1816,e4 e6 d4 d5 Nc3 Nf6 e5 Nfd7 Nf3 c5,10,white,0.3181818181818182,0.0,0.6818181818181818,22
1817,e4 e5 Nf3 d6 d4 Bg4 dxe5 Bxf3 gxf3 dxe5,10,white,0.6956521739130435,0.021739130434782608,0.2826086956521739,46
1818,d4 e5 dxe5 Nc6 Nf3 Qe7 Nc3 Nxe5 Nxe5 Qxe5,10,white,0.5357142857142857,0.10714285714285714,0.35714285714285715,28
1819,e4 e5 Nf3 Nc6 Bb5 Nge7 d4 exd4 Nxd4 Nxd4 Qxd4 a6,12,white,0.4375,0.0,0.5625,16
1821,e4 e5 Nf3 Nc6 Bb5 Nf6 Bxc6 dxc6 Nxe5 Qe7,10,white,0.5,0.0,0.5,14
1822,e4 e5 Nf3 Nc6 Bc4 Nf6 Nc3 Nxe4 Bxf7+ Kxf7,10,white,0.3888888888888889,0.0,0.6111111111111112,18
1823,d4 e5 dxe5 Nc6 Nf3 Qe7 c3 Nxe5 Nxe5 Qxe5,10,white,0.5,0.0,0.5,12
1824,e4 e5 Nf3 Nc6 Bb5 d6 O-O a6 Ba4 b5,10,white,0.47368421052631576,0.0,0.5263157894736842,19
1825,e4 e5 Nf3 Nc6 d4 exd4 Bc4 Nf6 e5 d5,10,white,0.3548387096774194,0.03225806451612903,0.6129032258064516,31
1826,e4 e5 Nf3 Nc6 Bc4 Bc5 d3 Nf6 Bg5 O-O,10,white,0.7222222222222222,0.0,0.2777777777777778,18
1827,e4 c6 Nc3 d5 exd5 cxd5 d4 e6 Nf3 Nf6,10,white,0.35714285714285715,0.0,0.6428571428571429,14
1830,e3 e5 b3 d5 Bb2 Nc6 Bb5 Bd7 Bxc6 Bxc6,10,white,0.5833333333333334,0.0,0.4166666666666667,12
1832,d4 c5 c4 cxd4 Qxd4 Nc6 Qd1 Nf6 Nc3 g6,10,white,0.47058823529411764,0.0,0.5294117647058824,17
1833,e4 c6 Bc4 d5 exd5 cxd5 Bb5+ Bd7 Bxd7+ Qxd7,10,white,0.4444444444444444,0.027777777777777776,0.5277777777777778,36
1834,e4 e6 d4 d5 Nc3 dxe4 Nxe4 Nd7 Nf3 Ngf6,10,white,0.23529411764705882,0.0,0.7647058823529411,17
1835,e4 Nf6 e5 Nd5 d4 d6 Nf3 dxe5 Nxe5 c6,10,white,0.6153846153846154,0.15384615384615385,0.23076923076923078,13
1836,e4 e5 Nf3 Nc6 Bc4 h6 d3 Nf6 O-O Bc5,10,white,0.5384615384615384,0.0,0.46153846153846156,13
1837,e4 e5 Nf3 Nc6 Bc4 Bc5 O-O Nf6 d3 h6,10,white,0.4782608695652174,0.0,0.5217391304347826,23
1839,d4 d5 Nc3 Nf6 Bf4 Nc6 Nb5 e5 dxe5 Nh5,10,white,0.6875,0.0625,0.25,16
1840,e4 c5 Nf3 Nc6 Nc3 g6 d4 cxd4 Nxd4 Bg7,10,white,0.35,0.05,0.6,60
1841,e4 c5 Nc3 Nc6 Nf3 e6 d4 cxd4 Nxd4 Nf6,10,white,0.5833333333333334,0.08333333333333333,0.3333333333333333,12
1842,e4 e5 Nf3 Nc6 Bb5 Nd4 Nxd4 exd4 c3 dxc3,10,white,0.5882352941176471,0.058823529411764705,0.35294117647058826,34
1843,e4 e5 Nf3 Nc6 Bb5 Bc5 O-O d6 c3 Bd7 d4 exd4,12,white,0.6666666666666666,0.0,0.3333333333333333,12
1844,e4 d5 exd5 Qxd5 Nc3 Qe5+ Qe2 Qxe2+ Bxe2 c6,10,white,0.49056603773584906,0.07547169811320754,0.4339622641509434,53
1845,e4 e5 Nf3 Nc6 Bc4 Bc5 c3 Nf6 d4 exd4 cxd4 Bb4+ Bd2 Nxe4 Bxb4 Nxb4,16,white,0.4444444444444444,0.1111111111111111,0.4444444444444444,18
1846,e4 e5 Nf3 Nc6 Bb5 a6 Ba4 Nf6 O-O b5 Bb3 Be7 Re1 O-O c3 d5,16,white,0.3076923076923077,0.0,0.6923076923076923,13
1847,e4 e5 Nf3 Nc6 Bc4 d6 d3 Bg4 h3 Bxf3,10,white,0.38461538461538464,0.07692307692307693,0.5384615384615384,13
1848,d4 Nf6 Nf3 d6 g3 g6 Bg2 Bg7 O-O O-O,10,white,0.2727272727272727,0.0,0.7272727272727273,22
1849,e4 d5 exd5 Nf6 Nc3 Nxd5 Nxd5 Qxd5 d4 Nc6 Nf3 Bg4,12,white,0.25,0.08333333333333333,0.6666666666666666,12
1850,e4 e5 Nf3 Nc6 d4 Nxd4 Nxd4 exd4 Qxd4 Nf6,10,white,0.875,0.0,0.125,16
1851,d4 c5 d5 e6 c4 Nf6 Nc3 exd5 cxd5 d6,10,white,0.36363636363636365,0.045454545454545456,0.5909090909090909,22
1854,e4 c5 Nf3 d6 Bb5+ Bd7 Bxd7+ Qxd7 O-O Nf6,10,white,0.42857142857142855,0.14285714285714285,0.42857142857142855,14
1855,e4 d5 exd5 Qxd5 Nc3 Qa5 d4 Nc6 Nf3 Nf6,10,white,0.6470588235294118,0.0,0.35294117647058826,17
1856,e4 e5 Nf3 Nf6 Nxe5 Nxe4 Qe2 Qe7 Qxe4 d6,10,white,0.5454545454545454,0.0,0.45454545454545453,22
1857,e4 e5 Nf3 Nc6 d4 exd4 Nxd4 Nxd4 Qxd4 d6 Nc3 Nf6,12,white,0.47058823529411764,0.058823529411764705,0.47058823529411764,68
1858,e4 b6 d4 Bb7 Nc3 e6 Nf3 Bb4 Bd2 Bxc3 Bxc3 Bxe4,12,white,0.3684210526315789,0.0,0.631578947368421,19
1859,e4 e6 d4 d5 Nc3 Nf6 Bg5 Be7 e5 Nfd7 h4 Bxg5,12,white,0.375,0.041666666666666664,0.5833333333333334,24
1860,e4 e5 Nf3 d6 d4 exd4 Nxd4 c5 Bb5+ Bd7,10,white,0.5384615384615384,0.07692307692307693,0.38461538461538464,39
1861,e4 e5 Nf3 Nc6 Bb5 Bc5 c3 Nf6 O-O O-O d4 exd4,12,white,0.6111111111111112,0.0,0.3888888888888889,18
1862,e4 e5 Nf3 Nc6 Bc4 Bc5 Nc3 Nf6 O-O O-O,10,white,0.56,0.08,0.36,25
1863,d4 d5 Nc3 Nf6 Bf4 Nc6 Nb5 e5 dxe5 Ne4,10,white,0.8571428571428571,0.047619047619047616,0.09523809523809523,21
1864,e4 c6 Nf3 d5 exd5 cxd5 d4 Nc6 Nc3 Bg4,10,white,0.35294117647058826,0.0196078431372549,0.6274509803921569,51
1865,e4 e5 d4 exd4 Nf3 Nc6 Bc4 Bc5 O-O Nf6,10,white,0.5625,0.0625,0.375,16
1866,e4 c5 Nf3 e6 Bc4 d5 exd5 exd5 Bb5+ Bd7,10,white,0.5,0.0625,0.4375,16
1867,e4 e5 Nf3 Nc6 Bb5 Nd4 Nxd4 exd4 O-O c6,10,white,0.43283582089552236,0.029850746268656716,0.5373134328358209,67
1869,e4 e5 Nf3 Nc6 Bb5 a6 Ba4 b5 Bb3 Bc5,10,white,0.6458333333333334,0.0,0.3541666666666667,48
1870,e4 e5 Nf3 Nc6 Bb5 d6 d4 exd4 Nxd4 Bd7 O-O Nf6,12,white,0.47058823529411764,0.17647058823529413,0.35294117647058826,17
1871,e4 g6 d4 Bg7 e5 d6 Nf3 dxe5 dxe5 Qxd1+,10,white,0.25,0.08333333333333333,0.6666666666666666,12
1872,e4 e5 Nf3 Nc6 Bb5 a6 Ba4 Nf6 d3 Bc5,10,white,0.23076923076923078,0.0,0.7692307692307693,13
1873,d4 d5 Nc3 Nf6 Bf4 e6 Nb5 Na6 a3 c6,10,white,0.6785714285714286,0.03571428571428571,0.2857142857142857,28
1874,d4 d5 c4 Nc6 cxd5 Qxd5 e3 e5 Nc3 Bb4,10,white,0.8163265306122449,0.0,0.1836734693877551,49
1875,e4 c5 d4 cxd4 c3 dxc3 Nxc3 Nc6 Nf3 d6,10,white,0.41379310344827586,0.034482758620689655,0.5517241379310345,29
1876,e4 c6 d4 d5 Nc3 dxe4 Nxe4 Nf6 Nxf6+ exf6 c3 Bd6 Bd3 O-O,14,white,0.5833333333333334,0.0,0.4166666666666667,12
1877,e4 e5 Nf3 Nf6 Nxe5 Nxe4 Qe2 d5 d3 Qe7,10,white,0.65,0.0,0.35,20
1879,e4 e5 Nf3 Nc6 Bb5 d6 d4 exd4 Nxd4 Bd7 Bxc6 Bxc6,12,white,0.6666666666666666,0.08333333333333333,0.25,12
1880,e4 e5 Nf3 Nc6 Bc4 Bc5 Nc3 Nf6 d3 h6,10,white,0.3953488372093023,0.09302325581395349,0.5116279069767442,43
1881,e4 e6 d4 d5 Nc3 Nf6 Bg5 Be7 e5 Nfd7 h4 h6,12,white,0.26666666666666666,0.0,0.7333333333333333,15
1882,e4 e5 Nf3 Nc6 Bc4 Nf6 Nc3 Bc5 d3 O-O,10,white,0.5,0.03125,0.46875,32
1883,e4 e5 Bc4 Nf6 Nf3 Nc6 Ng5 d5 exd5 Na5 Bb5+ c6 dxc6 bxc6,14,white,0.46153846153846156,0.0,0.5384615384615384,13
1884,e4 e5 Nf3 Nc6 Bb5 Nf6 d3 d6 Bxc6+ bxc6,10,white,0.375,0.0,0.625,16
1885,e4 e5 Nf3 Nc6 Bc4 Bc5 Nc3 d6 d3 Bg4,10,white,0.45454545454545453,0.045454545454545456,0.5,22
1886,e4 e5 Nf3 Nc6 Bc4 Nf6 d4 exd4 O-O d6,10,white,0.3333333333333333,0.0,0.6666666666666666,12
1887,e4 e5 f4 exf4 Nf3 g5 Bc4 Bg7 d4 d6,10,white,0.3076923076923077,0.0,0.6923076923076923,13
1888,e4 e5 Qh5 d6 Bc4 g6 Qf3 Nf6 d3 Bg7,10,white,0.3770491803278688,0.06557377049180328,0.5573770491803278,61
1889,d4 b6 c4 Bb7 Nc3 e6 Nf3 Bb4 Bg5 Bxc3+,10,white,0.6428571428571429,0.0,0.35714285714285715,14
